Title,Rated
Saving Christmas,PG
Percy Jackson: Sea of Monsters,PG
Mission to Mars,PG
Bicentennial Man,PG
The Nutcracker in 3D,PG
Happy Feet,PG
Hotel Transylvania,PG
Enchanted,PG
Open Season,PG
Mirror Mirror,PG
Arthur Christmas,PG
Cats & Dogs: The Revenge of Kitty Galore,PG
Scooby-Doo,PG
Hotel Transylvania 2,PG
Over the Hedge,PG
Lilo & Stitch,PG
Robots,PG
Bedtime Stories,PG
Yogi Bear,PG
Flubber,PG
Space Jam,PG
The Pink Panther,PG
Zookeeper,PG
Mighty Joe Young,PG
The Legend of Zorro,PG
Walking with Dinosaurs 3D,PG
Star Wars: Episode V - The Empire Strikes Back,PG
Looney Tunes: Back in Action,PG
Arthur and the Invisibles,PG
Top Cat Begins,PG
Journey 2: The Mysterious Island,PG
Jack and Jill,PG
Cloudy with a Chance of Meatballs 2,PG
The Little Prince,PG
Despicable Me 2,PG
The Adventures of Rocky & Bullwinkle,PG
The Secret Life of Pets,PG
Ice Age: The Meltdown,PG
Madagascar,PG
Shark Tale,PG
Hairspray,PG
Inspector Gadget,PG
Monster House,PG
Hotel for Dogs,PG
Star Wars: Episode IV - A New Hope,PG
Titan A.E.,PG
Minions,PG
The SpongeBob Movie: Sponge Out of Water,PG
The Angry Birds Movie,PG
Dr. Dolittle 2,PG
It's a Wonderful Life,PG
The Majestic,PG
Two Brothers,PG
Shrek 2,PG
Alvin and the Chipmunks: The Squeakquel,PG
Runaway Bride,PG
Hook,PG
Star Trek: Insurrection,PG
Sky Captain and the World of Tomorrow,PG
Osmosis Jones,PG
Legends of Oz: Dorothy's Return,PG
Despicable Me,PG
Ice Age,PG
Apollo 13,PG
You've Got Mail,PG
Annie,PG
The Kid,PG
Casablanca,PG
We Are Marshall,PG
Zathura: A Space Adventure,PG
Astro Boy,PG
Hop,PG
Raiders of the Lost Ark,PG
The Lego Movie,PG
Marley & Me,PG
Daddy Day Care,PG
The Prince of Egypt,PG
Cats & Dogs,PG
Antz,PG
Cheaper by the Dozen 2,PG
Coraline,PG
This Is It,PG
Kangaroo Jack,PG
The Shaggy Dog,PG
Jingle All the Way,PG
ParaNorman,PG
The Boxtrolls,PG
Back to the Future,PG
My Favorite Martian,PG
Planet 51,PG
Garfield 2,PG
Sinbad: Legend of the Seven Seas,PG
Meet Dave,PG
Inkheart,PG
Goosebumps,PG
Holy Man,PG
The Flintstones in Viva Rock Vegas,PG
The Pacifier,PG
Alvin and the Chipmunks,PG
Superman,PG
George of the Jungle,PG
Casper,PG
Paddington,PG
Mr. Popper's Penguins,PG
Free Birds,PG
Muppets Most Wanted,PG
Evita,PG
Dr. Strangelove or: How I Learned to Stop Worrying and Love the Bomb,PG
The Pirates! Band of Misfits,PG
Imagine That,PG
Thunderbirds,PG
Superman II,PG
From Justin to Kelly,PG
Barnyard,PG
Deck the Halls,PG
Shrek,PG
Into the Woods,PG
We Bought a Zoo,PG
Garfield,PG
Christmas with the Kranks,PG
Race to Witch Mountain,PG
The Book of Life,PG
The Adventures of Sharkboy and Lavagirl 3-D,PG
Marmaduke,PG
Vertigo,PG
Star Wars: Episode VI - Return of the Jedi,PG
The Iron Giant,PG
Baby's Day Out,PG
Dick Tracy,PG
Lawrence of Arabia,PG
Happily N'Ever After,PG
Solaris,PG
Inchon,PG
The Flintstones,PG
Journey to the Center of the Earth,PG
The Muppets,PG
Galaxy Quest,PG
Kicking & Screaming,PG
The Hitchhiker's Guide to the Galaxy,PG
Fat Albert,PG
The Indian in the Cupboard,PG
The Ant Bully,PG
Johnny English,PG
Aliens in the Attic,PG
The Phantom,PG
Johnny English Reborn,PG
The Sting,PG
Here Comes the Boom,PG
Super Mario Bros.,PG
The Big Year,PG
The Karate Kid,PG
Cheaper by the Dozen,PG
Back to the Future Part II,PG
Spy Kids 3: Game Over,PG
A League of Their Own,PG
Back to the Future Part III,PG
Eight Below,PG
Escape from Planet Earth,PG
The Lake House,PG
The Odd Life of Timothy Green,PG
The Living Daylights,PG
Legal Eagles,PG
Monty Python and the Holy Grail,PG
Ri¢hie Ri¢h,PG
Fantastic Mr. Fox,PG
Big Miracle,PG
New York Minute,PG
Raise the Titanic,PG
The Hudsucker Proxy,PG
Delgo,PG
Alex Rider: Operation Stormbreaker,PG
A Monster in Paris,PG
Superman III,PG
Up,PG
Frankenweenie,PG
Sgt. Bilko,PG
Spy Kids 2: Island of Lost Dreams,PG
Star Trek: Generations,PG
Paul Blart: Mall Cop 2,PG
Joe Somebody,PG
City of Ember,PG
The Express,PG
Dolphin Tale,PG
Nim's Island,PG
Never Say Never Again,PG
Dolphin Tale 2,PG
Spy Kids,PG
Sky High,PG
Secretariat,PG
TMNT,PG
Radio,PG
Old Dogs,PG
Poltergeist,PG
The Nativity Story,PG
Superbabies: Baby Geniuses 2,PG
The Bad News Bears,PG
Nanny McPhee Returns,PG
Flash Gordon,PG
Ella Enchanted,PG
Inside Out,PG
Furry Vengeance,PG
Krull,PG
The Bridge on the River Kwai,PG
Zoom,PG
The Young Victoria,PG
The Walk,PG
Warriors of Virtue,PG
Lion of the Desert,PG
The Age of Innocence,PG
Reds,PG
The Young and Prodigious T.S. Spivet,PG
Elf,PG
Phenomenon,PG
Snow Dogs,PG
Nacho Libre,PG
1941,PG
Dreamer: Inspired by a True Story,PG
Bogus,PG
The Elephant Man,PG
George and the Dragon,PG
Mr. Holland's Opus,PG
Out of Africa,PG
Moonraker,PG
Extraordinary Measures,PG
The Hunt for Red October,PG
Remember the Titans,PG
The First Wives Club,PG
The SpongeBob SquarePants Movie,PG
Dial M for Murder,PG
The Nut Job,PG
Bride Wars,PG
Corpse Bride,PG
Letters to Juliet,PG
Star Trek V: The Final Frontier,PG
Like Mike,PG
A View to a Kill,PG
Racing Stripes,PG
The Three Stooges,PG
Glory Road,PG
The Message,PG
Secondhand Lions,PG
The Prince and Me,PG
Cool Hand Luke,PG
Howard the Duck,PG
Hoodwinked Too! Hood vs. Evil,PG
Miss Potter,PG
Konferenz der Tiere,PG
The Borrowers,PG
Cry Freedom,PG
Indiana Jones and the Temple of Doom,PG
"Alexander and the Terrible, Horrible, No Good, Very Bad Day",PG
Miracle,PG
For Your Eyes Only,PG
No Reservations,PG
Hocus Pocus,PG
Pride & Prejudice,PG
The Spy Next Door,PG
A Simple Wish,PG
How to Train Your Dragon,PG
Octopussy,PG
A Passage to India,PG
Star Trek VI: The Undiscovered Country,PG
Spy Kids: All the Time in the World in 4D,PG
The Right Stuff,PG
The NeverEnding Story,PG
Return to Oz,PG
Martian Child,PG
Paul Blart: Mall Cop,PG
Freaky Friday,PG
A Bridge Too Far,PG
Clockstoppers,PG
Agent Cody Banks 2: Destination London,PG
Flipper,PG
Scooby-Doo 2: Monsters Unleashed,PG
Bridge to Terabithia,PG
Teenage Mutant Ninja Turtles II: The Secret of the Ooze,PG
Parental Guidance,PG
Finding Neverland,PG
Agent Cody Banks,PG
Nanny McPhee,PG
The Wild Thornberrys Movie,PG
Rugrats Go Wild,PG
The Sisterhood of the Traveling Pants,PG
Million Dollar Arm,PG
What a Girl Wants,PG
Song of the Sea,PG
Mr. Bean's Holiday,PG
August Rush,PG
Spice World,PG
Crocodile Dundee in Los Angeles,PG
Unaccompanied Minors,PG
The Greatest Game Ever Played,PG
Cirque du Soleil: Worlds Away,PG
Gettysburg,PG
Butch Cassidy and the Sundance Kid,PG
Sheena,PG
A Turtle's Tale: Sammy's Adventures,PG
The Adventurer: The Curse of the Midas Box,PG
Star Trek IV: The Voyage Home,PG
Rocky Balboa,PG
Footloose,PG
Return to Me,PG
Meet the Deedles,PG
The Bridge of San Luis Rey,PG
The Longshots,PG
Spaceballs,PG
The Santa Clause,PG
The Game Plan,PG
The Hundred-Foot Journey,PG
The Princess Bride,PG
Diary of a Wimpy Kid: Dog Days,PG
Shadowlands,PG
The Little Vampire,PG
Dudley Do-Right,PG
Underdogs,PG
Sorcerer,PG
Firefox,PG
Teenage Mutant Ninja Turtles III,PG
Beauty and the Beast,PG
Home Alone 2: Lost in New York,PG
Close Encounters of the Third Kind,PG
Jaws 2,PG
Beverly Hills Chihuahua,PG
Are We There Yet?,PG
The Truman Show,PG
Holes,PG
The Last Song,PG
Max,PG
The Black Hole,PG
Selena,PG
Gandhi,PG
You Again,PG
Nancy Drew,PG
Alpha and Omega,PG
Barry Lyndon,PG
Monte Carlo,PG
Shorts,PG
Rocky,PG
Under the Rainbow,PG
Simon Birch,PG
Annie Hall,PG
The Man Who Knew Too Little,PG
One Night with the King,PG
3 Ninjas Kick Back,PG
Chasing Mavericks,PG
Bandslam,PG
My All-American,PG
Can't Stop the Music,PG
The Game of Their Lives,PG
CJ7,PG
Dwegons and Leprechauns,PG
A Cinderella Story,PG
Sleuth,PG
Leap Year,PG
The Bounty,PG
Won't Back Down,PG
Big,PG
Star Trek III: The Search for Spock,PG
Diary of a Wimpy Kid: Rodrick Rules,PG
Soul Surfer,PG
Conan the Destroyer,PG
Fame,PG
Small Time Crooks,PG
Catch That Kid,PG
Groundhog Day,PG
The Legend of the Lone Ranger,PG
Troop Beverly Hills,PG
Dragonslayer,PG
Megaforce,PG
Mao's Last Dancer,PG
Strangers on a Train,PG
Hoodwinked!,PG
Black Nativity,PG
"McFarland, USA",PG
Good Boy!,PG
Superman IV: The Quest for Peace,PG
Bobby Jones: Stroke of Genius,PG
Roar,PG
Dragon Hunters,PG
Damnation Alley,PG
Sense and Sensibility,PG
Becoming Jane,PG
Jaws,PG
The Master of Disguise,PG
See Spot Run,PG
Zootopia,PG
Radio Days,PG
Meteor,PG
Madison,PG
Home Alone,PG
Top Gun,PG
Tootsie,PG
3 Men and a Baby,PG
Twins,PG
Young Frankenstein,PG
Beetlejuice,PG
Coal Miner's Daughter,PG
Diary of a Wimpy Kid,PG
Little Women,PG
Big Fat Liar,PG
The Lizzie McGuire Movie,PG
Dead Poets Society,PG
Because of Winn-Dixie,PG
When the Game Stands Tall,PG
Confessions of a Teenage Drama Queen,PG
High Noon,PG
The Remains of the Day,PG
Flicka,PG
Tuck Everlasting,PG
A Streetcar Named Desire,PG
New York Stories,PG
Raise Your Voice,PG
The Importance of Being Earnest,PG
Hoot,PG
Crocodile Dundee II,PG
Cool Runnings,PG
The Spy Who Loved Me,PG
White Fang,PG
Tea with Mussolini,PG
"New York, New York",PG
Flipped,PG
Caravans,PG
Wild Grass,PG
Miracles from Heaven,PG
Snow Day,PG
Earth to Echo,PG
Harriet the Spy,PG
The Astronaut Farmer,PG
Son of the Mask,PG
A Christmas Story,PG
The Crocodile Hunter: Collision Course,PG
The Perfect Game,PG
Ernest & Celestine,PG
Heaven Is for Real,PG
Star Trek II: The Wrath of Khan,PG
WarGames,PG
Yentl,PG
Time Bandits,PG
Katy Perry: Part of Me,PG
Prophecy,PG
Just Wright,PG
The Nightmare Before Christmas,PG
Aquamarine,PG
Max Keeble's Big Move,PG
Invaders from Mars,PG
The Pursuit of D.B. Cooper,PG
Duma,PG
Legend of Kung Fu Rabbit,PG
Dancin': It's On!,PG
Gremlins,PG
A Walk to Remember,PG
F.I.S.T.,PG
The Molly Maguires,PG
E.T. the Extra-Terrestrial,PG
The Blue Butterfly,PG
The Mighty Ducks,PG
Bill & Ted's Excellent Adventure,PG
Pete's Dragon,PG
The Second Best Exotic Marigold Hotel,PG
Twilight Zone: The Movie,PG
One Direction: This Is Us,PG
The Outsiders,PG
The Perfect Man,PG
Hey Arnold! The Movie,PG
Like Stars on Earth,PG
Sleepover,PG
Teacher's Pet,PG
Heartbeeps,PG
On the Line,PG
The House of Mirth,PG
Sphinx,PG
Nicholas Nickleby,PG
Shaolin Soccer,PG
Free Style,PG
Police Academy: Mission to Moscow,PG
You Only Live Twice,PG
Red Dog,PG
Thunderball,PG
The Ice Pirates,PG
Glee: The 3D Concert Movie,PG
Chasing Papi,PG
The Ultimate Gift,PG
Princess Kaiulani,PG
Opal Dream,PG
Barbarella,PG
Greater,PG
Andaz Apna Apna,PG
Shipwrecked,PG
Bright Star,PG
Splash,PG
Escape from Alcatraz,PG
Howards End,PG
Modern Problems,PG
On Her Majesty's Secret Service,PG
Jo Jeeta Wohi Sikandar,PG
Akeelah and the Bee,PG
New in Town,PG
Prom,PG
The Rocket,PG
Driving Miss Daisy,PG
The Work and the Glory,PG
Live and Let Die,PG
My Dog Skip,PG
"Good Night, and Good Luck.",PG
Logan's Run,PG
The Man with the Golden Gun,PG
Alien Zone,PG
Rabbit-Proof Fence,PG
The Other Side of Heaven,PG
A Dog of Flanders,PG
The Christmas Candle,PG
March or Die,PG
Snow Queen,PG
Adventures in Appletown,PG
Lagaan: Once Upon a Time in India,PG
The Four Seasons,PG
The Adventures of Huck Finn,PG
Daddy Day Camp,PG
The 5th Quarter,PG
The Great Train Robbery,PG
Julia,PG
A Shine of Rainbows,PG
Standing Ovation,PG
Chariots of Fire,PG
Somewhere in Time,PG
My Big Fat Greek Wedding,PG
The Man from Snowy River,PG
Lone Wolf McQuade,PG
The Beastmaster,PG
Moms' Night Out,PG
Digimon: The Movie,PG
Robin and Marian,PG
Force 10 from Navarone,PG
"Lovely, Still",PG
Christmas Eve,PG
Henry & Me,PG
Capricorn One,PG
Silent Movie,PG
R.L. Stine's Monsterville: The Cabinet of Souls,PG
The Front Page,PG
Topaz,PG
Mirrormask,PG
Shooting Fish,PG
The Perfect Wave,PG
Airplane!,PG
High Anxiety,PG
Waking Ned Devine,PG
Air Bud,PG
Spaced Invaders,PG
Family Plot,PG
Leonard Part 6,PG
Teen Wolf Too,PG
Days of Heaven,PG
Letters to God,PG
Love's Abiding Joy,PG
2016: Obama's America,PG
That Thing You Do!,PG
The Lunchbox,PG
The Lost Medallion: The Adventures of Billy Stone,PG
"Dancer, Texas Pop. 81",PG
From Russia with Love,PG
Sleeper,PG
In the Shadow of the Moon,PG
Meek's Cutoff,PG
Roadside Romeo,PG
The Dog Lover,PG
Against the Wild,PG
Conquest of the Planet of the Apes,PG
Grace Unplugged,PG
The Conversation,PG
Caramel,PG
Stolen Summer,PG
The Lion of Judah,PG
The Basket,PG
Airborne,PG
God's Not Dead 2,PG
Faith Like Potatoes,PG
An Inconvenient Truth,PG
Godzilla 2000,PG
"Food, Inc.",PG
Who Killed the Electric Car?,PG
Antarctica: A Year on Ice,PG
Proud,PG
A Fine Step,PG
Charly,PG
Time Changer,PG
American Graffiti,PG
Fireproof,PG
Kingdom of the Spiders,PG
Mad Hot Ballroom,PG
Wordplay,PG
The Singles Ward,PG
The R.M.,PG
The Californians,PG
Rodeo Girl,PG
Napoleon Dynamite,PG
I Want Your Money,PG
Trekkies,PG
Rust,PG
The Christmas Bunny,PG
Horse Camp,PG
Yesterday Was a Lie,PG
Facing the Giants,PG
The Lost Skeleton of Cadavra,PG
"Dude, Where's My Dog?!",PG
Super Size Me,PG
The Last Waltz,PG
My Date with Drew,PG
Track of the Moon Beast,PG
Zaat,PG
Spirited Away,PG
Your Name,PG
Children of Heaven,PG
Howl's Moving Castle,PG
Nausicaä of the Valley of the Wind,PG
In the Mood for Love,PG
Tangled,PG
Harry Potter and the Half-Blood Prince,PG
The Touch of Satan,PG
The Chronicles of Narnia: Prince Caspian,PG
Baby Geniuses,PG
Alice in Wonderland,PG
Oz the Great and Powerful,PG
TRON: Legacy,PG
Foodfight!,PG
The Blade Master,PG
A Christmas Carol,PG
The Good Dinosaur,PG
Brave,PG
"The Chronicles of Narnia: The Lion, the Witch and the Wardrobe",PG
Maleficent,PG
Hugo,PG
The Jungle Book,PG
Monsters vs. Aliens,PG
Evan Almighty,PG
Tomorrowland,PG
Alice Through the Looking Glass,PG
Shrek Forever After,PG
Big Hero 6,PG
Wreck-It Ralph,PG
Shrek the Third,PG
The Sorcerer's Apprentice,PG
The Chronicles of Narnia: The Voyage of the Dawn Treader,PG
Frozen,PG
Santa with Muscles,PG
Charlie and the Chocolate Factory,PG
Madagascar: Escape 2 Africa,PG
Night at the Museum: Battle of the Smithsonian,PG
Kung Fu Panda 2,PG
The Last Airbender,PG
Bee Movie,PG
G-Force,PG
Boggy Creek II: And the Legend Continues,PG
Bolt,PG
Pan,PG
Mars Needs Moms,PG
Flushed Away,PG
Madagascar 3: Europe's Most Wanted,PG
How to Train Your Dragon 2,PG
Mr. Peabody & Sherman,PG
Rise of the Guardians,PG
Kung Fu Panda 3,PG
The BFG,PG
The Croods,PG
Rango,PG
Dragonball: Evolution,PG
Turbo,PG
Happy Feet Two,PG
Penguins of Madagascar,PG
Harry Potter and the Prisoner of Azkaban,PG
Kung Fu Panda,PG
Home,PG
Puss in Boots,PG
Megamind,PG
The Adventures of Tintin,PG
Dinosaur,PG
Night at the Museum: Secret of the Tomb,PG
Harry Potter and the Sorcerer's Stone,PG
How the Grinch Stole Christmas,PG
Theodore Rex,PG
Fantastic 4: Rise of the Silver Surfer,PG
Life of Pi,PG
Stuart Little 2,PG
Speed Racer,PG
Trolls,PG
Star Wars: Episode I - The Phantom Menace,PG
Laserblast,PG
Star Wars: Episode II - Attack of the Clones,PG
Gulliver's Travels,PG
Night at the Museum,PG
Ed,PG
The Smurfs,PG
The Smurfs 2,PG
Home on the Range,PG
Around the World in 80 Days,PG
The Cat in the Hat,PG
Stuart Little,PG
Harry Potter and the Chamber of Secrets,PG
National Treasure,PG
Cloudy with a Chance of Meatballs,PG
Epic,PG
Where the Wild Things Are,PG
Eragon,PG
Surf's Up,PG
Legend of the Guardians: The Owls of Ga'Hoole,PG
Treasure Planet,PG
The Spanish Prisoner,PG
Cinderella,PG
Ice Age: Continental Drift,PG
The Bat People,PG
Percy Jackson & the Olympians: The Lightning Thief,PG
The Road to El Dorado,PG
The Spiderwick Chronicles,PG
The Incredibles,PG
The Secret Life of Walter Mitty,PG
Ice Age: Dawn of the Dinosaurs,PG
Contact,PG
Alvin and the Chipmunks: The Road Chip,PG
Atlantis: The Lost Empire,PG
The Haunted Mansion,PG
102 Dalmatians,G
Charlotte's Web,G
Alvin and the Chipmunks: Chipwrecked,G
Spirit: Stallion of the Cimarron,G
Fantasia 2000,G
Oceans,G
Babe: Pig in the City,G
Cars,G
City Lights,G
The Santa Clause 2,G
Modern Times,G
Chicken Little,G
The Tale of Despereaux,G
The Lion King,G
Pocahontas,G
Anastasia,G
WALL·E,G
Herbie Fully Loaded,G
Curious George,G
A Bug's Life,G
The Princess Diaries 2: Royal Engagement,G
Toy Story 3,G
Chicken Run,G
Cleopatra,G
2001: A Space Odyssey,G
Toy Story,G
The Magic Sword: Quest for Camelot,G
Space Chimps,G
Star Trek: The Motion Picture,G
Valiant,G
Ponyo,G
Cats Don't Dance,G
The Princess Diaries,G
Hannah Montana: The Movie,G
Rugrats in Paris: The Movie,G
Babe,G
The Curse of the Were-Rabbit,G
Gone with the Wind,G
Winnie the Pooh,G
The Rugrats Movie,G
Finding Nemo,G
Winged Migration,G
Jimmy Neutron: Boy Genius,G
Tora! Tora! Tora!,G
Ben-Hur,G
Ice Princess,G
Hachi: A Dog's Tale,G
The Adventures of Pinocchio,G
Space Dogs,G
Waterloo,G
Muppets from Space,G
The Wiz,G
The Thief and the Cobbler,G
The Rookie,G
Darling Lili,G
Return to Never Land,G
The Jungle Book 2,G
The Tigger Movie,G
Pooh's Heffalump Movie,G
The Country Bears,G
The Greatest Story Ever Told,G
Sweet Charity,G
Doogal,G
"Monsters, Inc.",G
Zambezia,G
The Wizard of Oz,G
Thomas and the Magic Railroad,G
The Nutcracker,G
My Fair Lady,G
Beauty and the Beast,G
The Adventures of Elmo in Grouchland,G
Ramona and Beezus,G
The Pirates Who Don't Do Anything: A VeggieTales Movie,G
U2 3D,G
Barney's Great Adventure,G
Jonah: A VeggieTales Movie,G
Justin Bieber: Never Say Never,G
The Land Before Time,G
The Muppet Christmas Carol,G
Aladdin,G
High School Musical 3: Senior Year,G
The Straight Story,G
The Longest Day,G
Oliver!,G
Recess: School's Out,G
Kit Kittredge: An American Girl,G
Fiddler on the Roof,G
The Sound of Music,G
The Muppet Movie,G
The Mighty Macs,G
The Andromeda Strain,G
Mary Poppins,G
The Return of the Pink Panther,G
Doug's 1st Movie,G
1776,G
A Man for All Seasons,G
March of the Penguins,G
Beneath the Planet of the Apes,G
Pokémon 3: The Movie,G
Willy Wonka & the Chocolate Factory,G
The Black Stallion,G
Escape from the Planet of the Apes,G
Fantasia,G
Battle for the Planet of the Apes,G
Snow White and the Seven Dwarfs,G
A Lego Brickumentary,G
A Hard Day's Night,G
Benji,G
Rise of the Entrepreneur: The Search for a Better Way,G
Sunday School Musical,G
My Neighbor Totoro,G
The Oogieloves in the Big Balloon Adventure,G
Monsters University,G
Cars 2,G
The Polar Express,G
Ratatouille,G
Rio 2,G
The Hunchback of Notre Dame,G
The Emperor's New Groove,G
The Peanuts Movie,G
Toy Story 2,G
Rio,G
Mulan,G
The Shawshank Redemption,R
Spy Game,R
The Devil's Own,R
The Godfather,R
Conan the Barbarian,R
The Godfather: Part II,R
Air Force One,R
Safe House,R
It's Complicated,R
Enemy of the State,R
Enemy at the Gates,R
Collateral Damage,R
All That Jazz,R
Dredd,R
Zodiac,R
Creepshow,R
Schindler's List,R
The Expendables,R
The Hangover Part II,R
Pulp Fiction,R
Face/Off,R
Road to Perdition,R
Fight Club,R
Con Air,R
Cold Mountain,R
The Book of Eli,R
Fury,R
Conspiracy Theory,R
Swordfish,R
The Manchurian Candidate,R
The Edge,R
The Postman,R
Red Dragon,R
Exorcist: The Beginning,R
Children of Men,R
One Flew Over the Cuckoo's Nest,R
Wanted,R
The Rock,R
Goodfellas,R
Immortals,R
Charlie Wilson's War,R
Munich,R
The Matrix,R
Tears of the Sun,R
Hostage,R
Soldier,R
Se7en,R
Snake Eyes,R
Funny People,R
The Kingdom,R
Jarhead,R
Zombie Nation,R
The Silence of the Lambs,R
Ransom,R
Die Hard 2,R
Vanilla Sky,R
Olympus Has Fallen,R
We Were Soldiers,R
The Usual Suspects,R
Wolf,R
Underworld Awakening,R
The Siege,R
Léon: The Professional,R
Doom,R
Escape Plan,R
Killer Elite,R
Hard Rain,R
Saving Private Ryan,R
Hart's War,R
Rollerball,R
Ballistic: Ecks vs. Sever,R
Blackhat,R
Basic Instinct 2,R
Agora,R
Ted 2,R
The Score,R
Hall Pass,R
Money Train,R
Dreamcatcher,R
The Insider,R
Body of Lies,R
Abraham Lincoln: Vampire Hunter,R
American History X,R
Due Date,R
Step Brothers,R
Cliffhanger,R
Broken Arrow,R
The Dictator,R
Eyes Wide Shut,R
Focus,R
Blade: Trinity,R
Resident Evil: Retribution,R
Primary Colors,R
Death Race,R
The Long Kiss Goodnight,R
Proof of Life,R
The Green Mile,R
Hudson Hawk,R
Sin City: A Dame to Kill For,R
Lucky Numbers,R
Dragon Blade,R
Random Hearts,R
Perfume: The Story of a Murderer,R
The Hateful Eight,R
3000 Miles to Graceland,R
2 Guns,R
300,R
The Pianist,R
The General's Daughter,R
Collateral,R
Man on Fire,R
Any Given Sunday,R
The Departed,R
Deep Blue Sea,R
The Happening,R
London Has Fallen,R
Whiplash,R
The Jackal,R
Terminator 2: Judgment Day,R
Under Siege 2: Dark Territory,R
Alien: Resurrection,R
Shooter,R
Gangster Squad,R
Righteous Kill,R
Edge of Darkness,R
The Relic,R
Almost Famous,R
Gladiator,R
Analyze That,R
Mercury Rising,R
Event Horizon,R
The Black Dahlia,R
The Last Castle,R
The Great Raid,R
Mortdecai,R
Beyond Borders,R
American Sniper,R
Rambo III,R
Apocalypse Now,R
Resident Evil: Afterlife,R
The Devil's Advocate,R
That's My Boy,R
Memento,R
Captain Corelli's Mandolin,R
American Wedding,R
The Equalizer,R
Crimson Tide,R
Disclosure,R
Kill Bill: Vol. 2,R
Tango & Cash,R
Alien,R
Executive Decision,R
Alien 3,R
Ronin,R
The Ghost and the Darkness,R
Changeling,R
The Watch,R
The Hunted,R
Instinct,R
Semi-Pro,R
The Fan,R
Turbulence,R
Bullet to the Head,R
A Very Long Engagement,R
Django Unchained,R
Eye See You,R
Blade II,R
The Godfather: Part III,R
Shaft,R
The Shining,R
Law Abiding Citizen,R
Black Mass,R
Flags of our Fathers,R
Grindhouse,R
Beloved,R
Zero Dark Thirty,R
The Change-Up,R
The Thin Red Line,R
Man on the Moon,R
From Paris with Love,R
"Me, Myself & Irene",R
Ted,R
22 Jump Street,R
Jerry Maguire,R
Erin Brockovich,R
Interview with the Vampire: The Vampire Chronicles,R
American Beauty,R
Inside Man,R
Payback,R
Once Upon a Time in America,R
Outbreak,R
American Reunion,R
Hansel & Gretel: Witch Hunters,R
Aliens,R
Don't Say a Word,R
13 Hours,R
Unfaithful,R
Syriana,R
Resident Evil: Apocalypse,R
Absolute Power,R
The Game,R
G.I. Jane,R
The Judge,R
Silent Hill,R
The Negotiator,R
Beverly Hills Cop III,R
The Peacemaker,R
Bridget Jones: The Edge of Reason,R
The Beach,R
On Deadly Ground,R
Ninja Assassin,R
Striptease,R
Murder by Numbers,R
Assassins,R
Hannibal Rising,R
The Story of Us,R
Basic,R
Run All Night,R
Blood Work,R
The International,R
Escape from L.A.,R
The Life Aquatic with Steve Zissou,R
Your Highness,R
Free State of Jones,R
Gamer,R
The Life of David Gale,R
Braveheart,R
Eastern Promises,R
The Messenger: The Story of Joan of Arc,R
Drive Angry,R
The Scarlet Letter,R
Domino,R
Jade,R
Reservoir Dogs,R
Death to Smoochy,R
Pirate Radio,R
What Planet Are You From?,R
Child 44,R
Chappie,R
The Adventures of Ford Fairlane,R
Anna Karenina,R
Traffic,R
Panic Room,R
The Thomas Crown Affair,R
The Bone Collector,R
Three Kings,R
3:10 to Yuma,R
Requiem for a Dream,R
Out of Sight,R
The Cotton Club,R
First Blood,R
The Infiltrator,R
Mary Reilly,R
Insomnia,R
Courage Under Fire,R
A Clockwork Orange,R
Patriot Games,R
Training Day,R
Scary Movie 2,R
Blade,R
Amadeus,R
Changing Lanes,R
Underworld: Evolution,R
Love Actually,R
From Hell,R
The Specialist,R
Tin Cup,R
Resident Evil: Extinction,R
Savages,R
Eternal Sunshine of the Spotless Mind,R
Revolutionary Road,R
The Glimmer Man,R
The Pledge,R
Bangkok Dangerous,R
Nixon,R
Deep Rising,R
Miracle at St. Anna,R
Taxi Driver,R
Curse of the Golden Flower,R
Love in the Time of Cholera,R
Shadow Conspiracy,R
Argo,R
Rambo: First Blood Part II,R
Sleepers,R
The Juror,R
The Interview,R
Heaven's Gate,R
The Heat,R
Unleashed,R
The Sweetest Thing,R
The Mechanic,R
The Firm,R
21 Jump Street,R
Boomerang,R
Brüno,R
15 Minutes,R
Lord of War,R
The Warrior's Way,R
Full Metal Jacket,R
Micmacs,R
8 Mile,R
Fifty Shades of Grey,R
American Hustle,R
Baby Driver,R
Lucy,R
Lone Survivor,R
Double Jeopardy,R
A Time to Kill,R
The Conjuring 2,R
Get Hard,R
Scream 3,R
Inglourious Basterds,R
Bram Stoker's Dracula,R
The Talented Mr. Ripley,R
The Last of the Mohicans,R
"I Love You, Man",R
Snatch,R
The Mexican,R
The Final Destination,R
Get Him to the Greek,R
Gothika,R
The Lincoln Lawyer,R
Going Overboard,R
Spawn,R
Horrible Bosses 2,R
Predators,R
Apocalypto,R
Jersey Boys,R
Amistad,R
A Million Ways to Die in the West,R
Final Destination 5,R
Aliens vs. Predator: Requiem,R
Sex Tape,R
Scream 4,R
Paul,R
Scarface,R
8MM,R
The Doors,R
Get Rich or Die Tryin',R
L.A. Confidential,R
The Art of War,R
Bless the Child,R
The Reaping,R
Good Will Hunting,R
Mean Streets,R
City by the Sea,R
City Hall,R
Get Carter,R
Kiss of Death,R
Alfie,R
Feardotcom,R
Soul Men,R
The Gunman,R
Universal Soldier: The Return,R
Pandorum,R
Impostor,R
Snowpiercer,R
Sunshine,R
The Hunting Party,R
Red Cliff,R
The Last Shot,R
The Warlords,R
Nomad: The Warrior,R
The Crow,R
The Ugly Truth,R
The Hurricane,R
Riddick,R
Precious,R
Angel Eyes,R
The Ninth Gate,R
Unforgiven,R
Extreme Measures,R
Rock Star,R
Switchback,R
Virgin Territory,R
The Master,R
We're the Millers,R
The Town,R
Burn After Reading,R
How to Be Single,R
Cop Out,R
Raging Bull,R
Hot Tub Time Machine,R
Breakdown,R
A Man Apart,R
Reindeer Games,R
Isn't She Great,R
The Hangover,R
Heat,R
Lethal Weapon 3,R
Identity Thief,R
Horrible Bosses,R
Trainwreck,R
Die Hard,R
Cape Fear,R
The English Patient,R
This Is 40,R
A Nightmare on Elm Street,R
The Cell,R
Species,R
Friends with Benefits,R
Neighbors 2: Sorority Rising,R
Chinatown,R
Underworld: Rise of the Lycans,R
Donnie Brasco,R
Resident Evil,R
The Ladykillers,R
J. Edgar,R
Closer,R
House of Wax,R
Mirrors,R
Queen of the Damned,R
Untraceable,R
Predator 2,R
Midnight in the Garden of Good and Evil,R
Heist,R
Hoffa,R
Broken City,R
Wonder Boys,R
Walk Hard: The Dewey Cox Story,R
Parker,R
Bait,R
Lions for Lambs,R
The Shipping News,R
Sabotage,R
Knock Off,R
Whiteout,R
Unfinished Business,R
Room,R
Punisher: War Zone,R
The Order,R
Femme Fatale,R
Biutiful,R
"Blood In, Blood Out",R
Smilla's Sense of Snow,R
The Horseman on the Roof,R
Ride with the Devil,R
Stolen,R
Logan,R
Chill Factor,R
The Astronaut's Wife,R
A Few Good Men,R
Blade Runner,R
Exit Wounds,R
Snakes on a Plane,R
The Punisher,R
The Watcher,R
Safe,R
Doomsday,R
Pushing Tin,R
"Lock, Stock and Two Smoking Barrels",R
Bridesmaids,R
The Reader,R
The Big Wedding,R
Wanderlust,R
This Is the End,R
Casino,R
Stigmata,R
Men of Honor,R
Alive,R
The Number 23,R
A History of Violence,R
The Quick and the Dead,R
Going the Distance,R
Bringing Out the Dead,R
Repo Men,R
Cradle Will Rock,R
The Good German,R
Criminal,R
Flight,R
Vacation,R
Get Shorty,R
American Pie 2,R
Speed,R
V for Vendetta,R
District 9,R
Analyze This,R
Mystic River,R
The Wolf of Wall Street,R
Up in the Air,R
The Prince of Tides,R
Four Brothers,R
Legends of the Fall,R
Looper,R
About Schmidt,R
Forgetting Sarah Marshall,R
Hacksaw Ridge,R
Blow,R
Southpaw,R
Atonement,R
Sicario,R
Black Rain,R
The Cabin in the Woods,R
30 Days of Night,R
Midnight Run,R
The Running Man,R
Carrie,R
Love & Other Drugs,R
Side Effects,R
Trainspotting,R
Deliver Us from Evil,R
The Five-Year Engagement,R
Bulworth,R
Virtuosity,R
One True Thing,R
The Deer Hunter,R
Sanctum,R
Assault on Precinct 13,R
Runner Runner,R
The Replacement Killers,R
North Country,R
Fright Night,R
Fled,R
Splice,R
88 Minutes,R
Pride and Glory,R
Gran Torino,R
The Last Stand,R
In Dreams,R
Dead Man Down,R
The Big Lebowski,R
Barney's Version,R
Glory,R
The Assassination of Jesse James by the Coward Robert Ford,R
The Merchant of Venice,R
The Good Thief,R
The Thing,R
Machine Gun Preacher,R
1911,R
Wild Card,R
The Color of Freedom,R
Sausage Party,R
Ripley's Game,R
The Boss,R
Once Upon a Time in Mexico,R
Frost/Nixon,R
Seed of Chucky,R
Fargo,R
Confessions of a Dangerous Mind,R
Taking Woodstock,R
Mumford,R
The Jacket,R
Straight Outta Compton,R
Along Came a Spider,R
The Big Short,R
Role Models,R
Dawn of the Dead,R
The Royal Tenenbaums,R
Identity,R
Kick-Ass,R
Timecop,R
30 Minutes or Less,R
Dracula 2000,R
Rob Roy,R
Kick-Ass 2,R
We Own the Night,R
A Walk Among the Tombstones,R
Lost Souls,R
No Country for Old Men,R
"Mystery, Alaska",R
Ghosts of Mars,R
Our Brand Is Crisis,R
How to Lose Friends & Alienate People,R
Knocked Up,R
Notes on a Scandal,R
Rendition,R
There Will Be Blood,R
Kiss the Girls,R
The Blues Brothers,R
Money Monster,R
Lake Placid,R
Lucky Number Slevin,R
Into the Wild,R
Dark City,R
Case 39,R
Suspect Zero,R
Formula 51,R
Flawless,R
Mindhunters,R
Kill Bill: Vol. 1,R
What Just Happened,R
The Statement,R
The 40-Year-Old Virgin,R
Shakespeare in Love,R
Pineapple Express,R
Gone Girl,R
Flatliners,R
Open Range,R
Pain & Gain,R
Final Destination 2,R
Legion,R
Life of Brian,R
Song to Song,R
Brothers,R
Original Sin,R
The Raven,R
Network,R
The Fifth Estate,R
Blood and Wine,R
Blood Ties,R
Snow White: A Tale of Terror,R
Shutter Island,R
The Constant Gardener,R
The Passion of the Christ,R
The Bodyguard,R
In the Name of the Father,R
Freddy vs. Jason,R
The Untouchables,R
Bridget Jones's Diary,R
Rush,R
No Strings Attached,R
Contraband,R
Tombstone,R
Romeo Must Die,R
The Omen,R
Final Destination 3,R
The Grey,R
Hide and Seek,R
Nothing to Lose,R
Money Talks,R
Platoon,R
August: Osage County,R
Kiss of the Dragon,R
Jeepers Creepers II,R
Good Luck Chuck,R
Cradle 2 the Grave,R
The Gambler,R
Bride of Chucky,R
The Sitter,R
Elizabeth,R
Don't Be Afraid of the Dark,R
War,R
Stand by Me,R
He Got Game,R
Punch-Drunk Love,R
EuroTrip,R
The Ruins,R
The Counsellor,R
"Bright Lights, Big City",R
Legend,R
My Soul to Take,R
The Girl Next Door,R
Maximum Risk,R
Angela's Ashes,R
Lifeforce,R
Michael Collins,R
Stop-Loss,R
Straw Dogs,R
Stone Cold,R
The Road,R
The Hoax,R
Say It Isn't So,R
The Best Offer,R
Tank Girl,R
Blindness,R
Carnage,R
BloodRayne,R
The Legend of 1900,R
Bad Lieutenant: Port of Call New Orleans,R
Jane Got a Gun,R
Where the Truth Lies,R
On the Road,R
Love Ranch,R
Spotlight,R
Ironclad,R
Dangerous Liaisons,R
Scream 2,R
Old School,R
The Whole Nine Yards,R
The Fisher King,R
I Still Know What You Did Last Summer,R
The Men Who Stare at Goats,R
Zack and Miri Make a Porno,R
Nurse Betty,R
"Girl, Interrupted",R
Piranha 3D,R
Faster,R
Play It to the Bone,R
Zombieland,R
Bad Boys,R
Final Destination,R
The Ides of March,R
Pitch Black,R
12 Years a Slave,R
Her,R
Joy Ride,R
Haywire,R
The Grand Budapest Hotel,R
The End of the Affair,R
Harley Davidson and the Marlboro Man,R
In the Valley of Elah,R
Chéri,R
Forsaken,R
The Water Diviner,R
Mad Max: Fury Road,R
There's Something About Mary,R
Underworld,R
Derailed,R
The Informant!,R
Jay and Silent Bob Strike Back,R
Our Kind of Traitor,R
Deuce Bigalow: European Gigolo,R
Homefront,R
Summer of Sam,R
Hit and Run,R
I Heart Huckabees,R
Out of the Furnace,R
The Libertine,R
Black Book,R
Before I Go to Sleep,R
Stone,R
Michael Clayton,R
Arlington Road,R
To Rome with Love,R
Silver Linings Playbook,R
"South Park: Bigger, Longer & Uncut",R
Death at a Funeral,R
For Colored Girls,R
Tinker Tailor Soldier Spy,R
The Rage: Carrie 2,R
Away We Go,R
Bitter Harvest,R
eXistenZ,R
The Best Little Whorehouse in Texas,R
Before Sunrise,R
Beverly Hills Cop II,R
The Conjuring,R
Jackass 3D,R
The Descendants,R
Bad Moms,R
The French Connection,R
Orphan,R
How Stella Got Her Groove Back,R
The American,R
House of the Dead,R
"Paris, Texas",R
A Very Harold & Kumar 3D Christmas,R
Texas Chainsaw 3D,R
Babel,R
This Is Where I Leave You,R
Team America: World Police,R
Copycat,R
She's Out of My League,R
Milk,R
The Last Picture Show,R
The Debt,R
Ghost Ship,R
Daybreakers,R
The Bank Job,R
Wild Things,R
High Fidelity,R
Eye for an Eye,R
Street Kings,R
The World's End,R
From Dusk Till Dawn,R
To Die For,R
Vampires,R
Appaloosa,R
Reign Over Me,R
My Best Friend's Girl,R
Georgia Rule,R
Silent Hill: Revelation,R
Kung Fu Hustle,R
21 Grams,R
Capitalism: A Love Story,R
What's Your Number?,R
Prisoners,R
Crank: High Voltage,R
Burnt,R
Bullets Over Broadway,R
The Quiet American,R
Triple 9,R
The Weather Man,R
Donnie Darko,R
Undisputed,R
Let Me In,R
Mrs Henderson Presents,R
Deconstructing Harry,R
Everyone Says I Love You,R
Death Sentence,R
Inherent Vice,R
Machete Kills,R
Strange Wilderness,R
Topsy-Turvy,R
A Most Violent Year,R
A Dangerous Method,R
A Scanner Darkly,R
Birth,R
Passchendaele,R
I'm Not There.,R
"Synecdoche, New York",R
The Proposition,R
Marci X,R
The Children of Huang Shi,R
The Yards,R
All Good Things,R
By the Sea,R
Rapa Nui,R
People I Know,R
Regression,R
Three Kingdoms: Resurrection of the Dragon,R
Shattered,R
Hands of Stone,R
The Baader Meinhof Complex,R
The Frozen Ground,R
The Devil's Double,R
Scream,R
Bad Teacher,R
Sea of Love,R
Thir13en Ghosts,R
House on Haunted Hill,R
The Crazies,R
Sex Drive,R
Take Me Home Tonight,R
Kansas City,R
Land of the Dead,R
Indignation,R
The Amityville Horror,R
Adaptation.,R
Fear and Loathing in Las Vegas,R
Neighbors,R
Borat: Cultural Learnings of America for Make Benefit Glorious Nation of Kazakhstan,R
Deuce Bigalow: Male Gigolo,R
Bad Santa,R
Predator,R
Birdman or (The Unexpected Virtue of Ignorance),R
Gosford Park,R
United 93,R
The Fog,R
Catch-22,R
Observe and Report,R
The Terminator,R
127 Hours,R
Steve Jobs,R
Life as a House,R
Youth in Revolt,R
Blow Out,R
The Tailor of Panama,R
The Ice Storm,R
Being Julia,R
9½ Weeks,R
The Last Station,R
Ed Wood,R
Mongol: The Rise of Genghis Khan,R
RocknRolla,R
The Railway Man,R
Metallica Through the Never,R
Anything Else,R
The White Ribbon,R
The Salton Sea,R
The Informers,R
One Man's Hero,R
Renaissance,R
I Am Wrath,R
The Prince,R
Wolves,R
T2 Trainspotting,R
Red Lights,R
Superbad,R
Hitman,R
Beerfest,R
City of Ghosts,R
Let's Be Cops,R
I Know What You Did Last Summer,R
Sideways,R
The Best Man Holiday,R
Halloween,R
Evil Dead,R
Saw 3D: The Final Chapter,R
The Hills Have Eyes,R
40 Days and 40 Nights,R
Smokin' Aces,R
Brooklyn's Finest,R
A Simple Plan,R
Twelve Monkeys,R
Running Scared,R
Veronica Guerin,R
Southland Tales,R
Escobar: Paradise Lost,R
Fur: An Imaginary Portrait of Diane Arbus,R
Hobgoblins,R
Dog Day Afternoon,R
Wall Street,R
House of Sand and Fog,R
When Harry Met Sally...,R
Road Trip,R
The Verdict,R
Varsity Blues,R
The Texas Chainsaw Massacre: The Beginning,R
Double Impact,R
Baby Boy,R
Hot Fuzz,R
Jennifer's Body,R
Soul Plane,R
The Thirteenth Floor,R
Highlander,R
Duets,R
Detroit Rock City,R
Things We Lost in the Fire,R
The Homesman,R
Trance,R
The Immigrant,R
Before Sunset,R
Good,R
Tidal Wave,R
Zulu,R
Ararat,R
Slow Burn,R
Wasabi,R
Slither,R
Beverly Hills Cop,R
Bad Grandpa,R
Private Benjamin,R
National Lampoon's Vacation,R
Cop Land,R
Wag the Dog,R
End of Watch,R
The Faculty,R
What's Love Got to Do with It,R
Dogville,R
Not Another Teen Movie,R
Wild,R
Drive,R
Halloween II,R
The Last House on the Left,R
Halloween: Resurrection,R
The Object of My Affection,R
28 Weeks Later,R
Grosse Pointe Blank,R
Book of Shadows: Blair Witch 2,R
Boogie Nights,R
The November Man,R
The Craft,R
Match Point,R
Nowhere to Run,R
Urban Legends: Final Cut,R
The Place Beyond the Pines,R
Papillon,R
The Hills Have Eyes II,R
Keanu,R
Disturbing Behavior,R
A Most Wanted Man,R
The Hurt Locker,R
Eye of the Beholder,R
The Man with the Iron Fists,R
Firestarter,R
Killing Them Softly,R
Freddy Got Fingered,R
Highlander: Endgame,R
Idlewild,R
Confidence,R
Knockaround Guys,R
Brazil,R
Sin City,R
Black Snake Moan,R
Dark Blue,R
A Mighty Heart,R
Boat Trip,R
In Bruges,R
Promised Land,R
Mulholland Drive,R
Three Burials,R
Kiss Kiss Bang Bang,R
Idle Hands,R
You Will Meet a Tall Dark Stranger,R
Never Let Me Go,R
Transsiberian,R
The Clan of the Cave Bear,R
Funny Games,R
District B13,R
Things to Do in Denver When You're Dead,R
Buffalo Soldiers,R
Centurion,R
On-Bak 2,R
Silent Trigger,R
The Midnight Meat Train,R
Winnie Mandela,R
The Son of No One,R
The Good Night,R
Bathory: Countess of Blood,R
Automata,R
Broken Horses,R
Shinjuku Incident,R
In Dubious Battle,R
Magic Mike XXL,R
Freedom,R
Pretty Woman,R
Fatal Attraction,R
Born on the Fourth of July,R
My Bloody Valentine,R
Urban Legend,R
Poetic Justice,R
All About the Benjamins,R
Exorcist II: The Heretic,R
Vampire in Brooklyn,R
A Perfect Getaway,R
Thinner,R
The Exorcist,R
Dead Man on Campus,R
Jason X,R
I Think I Love My Wife,R
Hot Tub Time Machine 2,R
Bobby,R
Little Children,R
Gossip,R
A Walk on the Moon,R
Mr. Turner,R
The Lucky Ones,R
Reign of Assassins,R
Margaret,R
Stan Helsing,R
Brokeback Mountain,R
Seven Psychopaths,R
Quills,R
The Caveman's Valentine,R
Under the Skin,R
"Good Morning, Vietnam",R
Black Swan,R
The Butterfly Effect,R
A Nightmare on Elm Street 4: The Dream Master,R
About Last Night,R
Young Guns,R
Pink Floyd: The Wall,R
The Big Hit,R
Child's Play 2,R
21 & Over,R
The Mist,R
The King's Speech,R
Ex Machina,R
Being John Malkovich,R
Two Can Play That Game,R
Letters from Iwo Jima,R
54,R
Woo,R
Serial Mom,R
Light It Up,R
Birthday Girl,R
"Paris, je t'aime",R
Chloe,R
The Widow of Saint-Pierre,R
Faithful,R
I Love You Phillip Morris,R
Find Me Guilty,R
Excessive Force,R
Infamous,R
Attack the Block,R
The Claim,R
In the Land of Blood and Honey,R
The Killer Inside Me,R
JFK,R
The Call,R
Machete,R
Quest for Fire,R
True Romance,R
Sorority Row,R
Sling Blade,R
Glengarry Glen Ross,R
Cat People,R
Solitary Man,R
Dancer in the Dark,R
Casino Jack,R
Oscar and Lucinda,R
The Funeral,R
Blood Diamond,R
Tae Guk Gi: The Brotherhood of War,R
American Pie,R
Magnolia,R
Act of Valor,R
Witness,R
Project X,R
Jackie Brown,R
Rain Man,R
Harold & Kumar Escape from Guantanamo Bay,R
Quarantine,R
One Hour Photo,R
The Revenant,R
How High,R
Crank,R
Frida,R
Top Five,R
Rounders,R
Stir of Echoes,R
Tales from the Crypt: Demon Knight,R
The Boys from Brazil,R
The Upside of Anger,R
Nebraska,R
Young Adult,R
About Time,R
How to Be a Player,R
Living Out Loud,R
Rachel Getting Married,R
The Postman Always Rings Twice,R
Sorority Boys,R
Cadillac Records,R
Arbitrage,R
Deadpool,R
Running with Scissors,R
Fortress,R
For Greater Glory: The True Story of Cristiada,R
Celebrity,R
Girl 6,R
In the Cut,R
Charlie Bartlett,R
Two Lovers,R
The Wild Bunch,R
Last Orders,R
The Host,R
Ravenous,R
The Dangerous Lives of Altar Boys,R
Stoker,R
2046,R
Brother,R
Welcome to Collinwood,R
The Life Before Her Eyes,R
Critical Care,R
Trade,R
Fateless,R
"A Woman, a Gun and a Noodle Shop",R
Breakfast of Champions,R
Cypher,R
City of Life and Death,R
Trash,R
5 Days of War,R
10 Days in a Madhouse,R
Triangle,R
Pet Sematary,R
Dirty Grandpa,R
The Cry of the Owl,R
The Fighter,R
Jackass Number Two,R
My Cousin Vinny,R
Major League,R
Phone Booth,R
Dead Man Walking,R
Cruel Intentions,R
Short Term 12,R
History of the World: Part I,R
Saw VI,R
Raising Cain,R
The Ladies Man,R
Tomcats,R
Inside Llewyn Davis,R
Frailty,R
Army of Darkness,R
Kinsey,R
Slackers,R
Vera Drake,R
The Guru,R
O,R
The Perez Family,R
Romance & Cigarettes,R
Brighton Rock,R
Misconduct,R
Saw V,R
Slumdog Millionaire,R
Jindabyne,R
Kabhi Alvida Naa Kehna,R
The Last Days on Mars,R
Space Mutiny,R
September Dawn,R
Saw III,R
The Purge: Election Year,R
Saw IV,R
The Color of Money,R
Jeepers Creepers,R
Commando,R
Friday After Next,R
The Lawnmower Man,R
Dogma,R
The Banger Sisters,R
Road House,R
A Low Down Dirty Shame,R
Sinister 2,R
The Dead Zone,R
Valentine,R
Reno 911!: Miami,R
Sugar Hill,R
Invasion U.S.A.,R
Rushmore,R
Mo' Better Blues,R
Wrong Turn,R
The Long Riders,R
The Corruptor,R
"The Goods: Live Hard, Sell Hard",R
My Week with Marilyn,R
The Matador,R
Love Jones,R
The Gift,R
Office Space,R
The Red Violin,R
Very Bad Things,R
Movie 43,R
Body Double,R
MacGruber,R
Dirty Pretty Things,R
Bad Words,R
While We're Young,R
Seeking a Friend for the End of the World,R
Cedar Rapids,R
The Collection,R
Deuces Wild,R
Danny Collins,R
I Am Love,R
"Jeff, Who Lives at Home",R
Crash,R
Romeo Is Bleeding,R
The Limey,R
Rosewater,R
Malone,R
Bucky Larson: Born to Be a Star,R
Bamboozled,R
The Iceman,R
Spider,R
Gun Shy,R
The Joneses,R
Killer Joe,R
Cecil B. DeMented,R
Owning Mahowny,R
The Brothers Solomon,R
Illuminata,R
Coriolanus,R
Swept Away,R
"War, Inc.",R
Imaginary Heroes,R
High Heels and Low Lifes,R
World's Greatest Dad,R
"Cinco de Mayo, La Batalla",R
Welcome to the Rileys,R
Severance,R
Edmond,R
The Good the Bad the Weird,R
The Good Guy,R
Eulogy,R
An Alan Smithee Film: Burn Hollywood Burn,R
Strangerland,R
The Janky Promoters,R
The Oxford Murders,R
The Reef,R
Fifty Dead Men Walking,R
Plastic,R
Adam Resurrected,R
The Devil's Tomb,R
Partition,R
Detention,R
Nurse 3D,R
Into the Grizzly Maze,R
Kicks,R
American Heist,R
Adventureland,R
The Lost City,R
Next Friday,R
The Runaways,R
Re-Kill,R
Volver,R
Melancholia,R
Heavy Metal,R
Richard III,R
The Texas Chain Saw Massacre,R
The Purge: Anarchy,R
Set It Off,R
The Best Man,R
Child's Play,R
Trading Places,R
Harold & Kumar Go to White Castle,R
The Contender,R
Boiler Room,R
Black Christmas,R
The Savages,R
The Way of the Gun,R
Hamlet 2,R
Igby Goes Down,R
Trust the Man,R
Velvet Goldmine,R
The Legend of Suriyothai,R
Two Evil Eyes,R
All or Nothing,R
Skin Trade,R
Beneath Hill 60,R
Veronika Decides to Die,R
The Haunting in Connecticut 2: Ghosts of Georgia,R
"Ultramarines: A Warhammer 40,000 Movie",R
The I Inside,R
Awake,R
Crazy Heart,R
Nightcrawler,R
The Lost Boys,R
The Rose,R
Election,R
Club Dread,R
Repo! The Genetic Opera,R
Limbo,R
Little Miss Sunshine,R
28 Days Later...,R
50/50,R
A Thin Line Between Love and Hate,R
That Awkward Moment,R
New Nightmare,R
Half Baked,R
Begin Again,R
American Psycho,R
The Good Girl,R
Bon Cop Bad Cop,R
The Boondock Saints II: All Saints Day,R
The Inkwell,R
Shadow of the Vampire,R
Woman on Top,R
Anomalisa,R
Showdown in Little Tokyo,R
8 Women,R
Clay Pigeons,R
Made in Dagenham,R
The Wicked Lady,R
Down in the Valley,R
Brooklyn Rules,R
Dracula 3000,R
The Singing Detective,R
Fido,R
The Land Girls,R
Pathology,R
10th & Wolf,R
Aloft,R
Akira,R
The Death and Life of Bobby Z,R
Swelter,R
Green Street 3: Never Back Down,R
Code of Honor,R
Imagine Me & You,R
Swimming Pool,R
The Blood of Heroes,R
Soul Food,R
Rumble in the Bronx,R
Thank You for Smoking,R
Hostel: Part II,R
Extract,R
Narc,R
Shopgirl,R
The Hotel New Hampshire,R
Men with Brooms,R
Albert Nobbs,R
The Neon Demon,R
Code 46,R
Pound of Flesh,R
Harry Brown,R
Magic Mike,R
Flashdance,R
The Piano,R
Capote,R
The Descent,R
Desperado,R
Action Jackson,R
Dope,R
The Devil's Rejects,R
Devil's Due,R
Flirting with Disaster,R
In Too Deep,R
House of 1000 Corpses,R
A Serious Man,R
A Single Man,R
Warlock,R
The Last Temptation of Christ,R
Outside Providence,R
Cyrus,R
Split Second,R
Redbelt,R
Auto Focus,R
We Need to Talk About Kevin,R
Somewhere,R
Factory Girl,R
I Hope They Serve Beer in Hell,R
Losin' It,R
Mother and Child,R
Les visiteurs,R
Dom Hemingway,R
The Extra Man,R
Hesher,R
Gerry,R
Wah-Wah,R
The Heart of Me,R
Ca$h,R
The Boondock Saints,R
Twixt,R
Pale Rider,R
Dazed and Confused,R
Two Lovers and a Bear,R
The Chumscrubber,R
Shade,R
"Remember Me, My Love",R
Perrier's Bounty,R
Elite Squad,R
Annabelle,R
Boyz n the Hood,R
Dressed to Kill,R
Go,R
Friends with Money,R
Nowhere in Africa,R
Layer Cake,R
The Messenger,R
A Home at the End of the World,R
Tracker,R
Good Bye Lenin!,R
Control,R
The Damned United,R
The Return of the Living Dead,R
Mallrats,R
Fahrenheit 9/11,R
Ordinary People,R
Caddyshack,R
The Brothers,R
The Wrestler,R
Do the Right Thing,R
Escape from New York,R
The Wood,R
A Nightmare on Elm Street 5: The Dream Child,R
Van Wilder: Party Liaison,R
The Last King of Scotland,R
School Daze,R
Mystic Pizza,R
Tales from the Hood,R
Halloween 5,R
Pollock,R
200 Cigarettes,R
Casa de mi Padre,R
The Guard,R
The Virgin Suicides,R
College,R
Little Voice,R
Miss March,R
Wish I Was Here,R
Hedwig and the Angry Inch,R
The Wackness,R
Novocaine,R
Surf School,R
The Business of Strangers,R
Morvern Callar,R
The Flower of Evil,R
Come Early Morning,R
The Greatest,R
Deadfall,R
"Surfer, Dude",R
Don McKay,R
11:14,R
Men of War,R
Freaky Deaky,R
The Hit List,R
Videodrome,R
L'auberge espagnole,R
Winter in Wartime,R
The Protector,R
Stiff Upper Lips,R
[Rec] 2,R
Don Jon,R
High Plains Drifter,R
Ghost World,R
Iris,R
Galaxina,R
Mambo Italiano,R
Wonderland,R
Harvard Man,R
Salvation Boulevard,R
Headhunters,R
The Ten,R
A Room for Romeo Brass,R
Wilson,R
Dum Maaro Dum,R
Paranormal Activity 3,R
Saw II,R
Jackass: The Movie,R
Paranormal Activity 4,R
A Nightmare on Elm Street 3: Dream Warriors,R
Freddy's Dead: The Final Nightmare,R
Monster,R
Paranormal Activity: The Marked Ones,R
Oculus,R
Dallas Buyers Club,R
No Escape,R
Our Idiot Brother,R
Clerks II,R
The Players Club,R
Billy Elliot,R
"As Above, So Below",R
House Party 2,R
Mommie Dearest,R
Halloween 4: The Return of Michael Myers,R
Addicted,R
Halloween: The Curse of Michael Myers,R
Eve's Bayou,R
Nighthawks,R
Friday the 13th Part VIII: Jason Takes Manhattan,R
Spring Breakers,R
Y Tu Mamá También,R
Shaun of the Dead,R
Lone Star,R
April Fool's Day,R
Diner,R
Sunshine Cleaning,R
Fifty Shades of Black,R
The Perfect Match,R
The Barbarian Invasions,R
The Forsaken,R
Grandma's Boy,R
Slums of Beverly Hills,R
Made,R
Moon,R
The Sweet Hereafter,R
Jekyll and Hyde... Together Again,R
Green Room,R
Heavenly Creatures,R
Everything Must Go,R
Kill the Messenger,R
Zero Effect,R
The Machinist,R
Light Sleeper,R
Party Monster,R
The Oh in Ohio,R
Bottle Rocket,R
Albino Alligator,R
Standard Operating Procedure,R
Tucker and Dale vs Evil,R
Out of the Blue,R
Desert Blue,R
Decoys,R
Redacted,R
Rudderless,R
Fascination,R
Area 51,R
Dead Like Me: Life After Death,R
Farce of the Penguins,R
Born of War,R
Dying of the Light,R
The Hatching,R
I Served the King of England,R
The Awakening,R
All Hat,R
Hostel,R
Only God Forgives,R
Take Shelter,R
Tristram Shandy: A Cock and Bull Story,R
Lady in White,R
Without Men,R
Pat Garrett & Billy the Kid,R
The Names of Love,R
Police Academy,R
Alone in the Dark,R
Four Weddings and a Funeral,R
The Blue Lagoon,R
Fast Times at Ridgemont High,R
25th Hour,R
Bound,R
Salvador,R
Character,R
Spun,R
Life During Wartime,R
Lady Vengeance,R
Blackthorn,R
Lilya 4-Ever,R
After.Life,R
Mean Machine,R
Exiled,R
The Sweeney,R
Falcon Rising,R
Zipper,R
Sexy Beast,R
Easy Money,R
Night Watch,R
Survival of the Dead,R
Porky's,R
The Crying Game,R
Lost in Translation,R
The Boy Next Door,R
Leaving Las Vegas,R
Monster's Ball,R
Boyhood,R
The Kids Are All Right,R
A Haunted House 2,R
They Live,R
The Wash,R
3 Strikes,R
The Cooler,R
The Night Listener,R
The Jerky Boys,R
The Orphanage,R
The Rules of Attraction,R
Let's Go to Prison,R
Four Rooms,R
Secretary,R
The Real Cancun,R
Talk Radio,R
Waiting for Guffman,R
Love Stinks,R
You Kill Me,R
Thumbsucker,R
Red State,R
The Barbarians,R
Poolhall Junkies,R
The Loss of Sexual Innocence,R
Joe,R
Prison,R
Adore,R
The Big Tease,R
Mondays in the Sun,R
Trust,R
An Everlasting Piece,R
Among Giants,R
The Velocity of Gary,R
Stake Land,R
The Last Time I Committed Suicide,R
Another Happy Day,R
Inescapable,R
A Lonely Place to Die,R
Nothing,R
The Loved Ones,R
No Vacancy,R
The Veil,R
Chain of Command,R
Down for Life,R
The Good Heart,R
House of Sand,R
Four Lions,R
Defendor,R
The Ballad of Cable Hogue,R
The History Boys,R
Midnight Cowboy,R
The Full Monty,R
Menace II Society,R
Friday,R
The Witch,R
Creepshow 2,R
Frenzy,R
I Got the Hook Up,R
She's the One,R
Train,R
Gods and Monsters,R
Evil Dead II,R
La otra conquista,R
Ira & Abby,R
Winter Passing,R
Taxman,R
In the Name of the King: The Last Job,R
Lords of London,R
Margin Call,R
Choke,R
Human Traffic,R
The Dead Girl,R
Class of 1984,R
Dreaming of Joseph Lees,R
Rosemary's Baby,R
Maria Full of Grace,R
Beginners,R
Feast,R
Animal House,R
Paranormal Activity 2,R
The Purge,R
Sinister,R
The Original Kings of Comedy,R
Bowling for Columbine,R
A Nightmare on Elm Street 2: Freddy's Revenge,R
Slow West,R
Jason Lives: Friday the 13th Part VI,R
Martin Lawrence Live: Runteldat,R
Jason Goes to Hell: The Final Friday,R
Dave Chappelle's Block Party,R
Krush Groove,R
Next Day Air,R
Trippin',R
Before Midnight,R
Phantasm II,R
Woman Thou Art Loosed,R
East Is East,R
Border,R
Whipped,R
Kama Sutra: A Tale of Love,R
Frances Ha,R
Please Give,R
Warlock: The Armageddon,R
8 Heads in a Duffel Bag,R
Thirteen Conversations About One Thing,R
Compadres,R
Jawbreaker,R
Basquiat,R
Tsotsi,R
DysFunktional Family,R
Tusk,R
Bachelorette,R
Freeway,R
Chain Letter,R
Tim and Eric's Billion Dollar Movie,R
The Eclipse,R
Summer Storm,R
Fort McCoy,R
Just Looking,R
The Divide,R
Tanner Hall,R
My Big Fat Independent Movie,R
Demonic,R
They Came Together,R
Barry Munday,R
Chicago Overcoat,R
Never Back Down 2: The Beatdown,R
AWOL-72,R
30 Nights of Paranormal Activity with the Devil Inside the Girl with the Dragon Tattoo,R
Something Wicked,R
Unnatural,R
Central Station,R
Boynton Beach Club,R
High Tension,R
Hustle & Flow,R
Friday the 13th Part VII: The New Blood,R
Beer League,R
Diary of the Dead,R
Ulee's Gold,R
Blazing Saddles,R
Friday the 13th: The Final Chapter,R
Maurice,R
Timecrimes,R
Timber Falls,R
A Haunted House,R
Kevin Hart: Let Me Explain,R
Garden State,R
Halloween III: Season of the Witch,R
Religulous,R
The Spectacular Now,R
My Own Private Idaho,R
Jesus' Son,R
Final Justice,R
Saving Face,R
My Life Without Me,R
Super,R
8: The Mormon Proposition,R
Anatomy,R
The Calling,R
Alien Uprising,R
The Rise of the Krays,R
Get on the Bus,R
Idiocracy,R
The Toxic Avenger Part II,R
Eden,R
Friday the 13th Part III,R
Friday the 13th: A New Beginning,R
Impact Point,R
Jack Brooks: Monster Slayer,R
Bully,R
Elling,R
Mi America,R
[Rec],R
Samsara,R
The Road Warrior,R
Everything You Always Wanted to Know About Sex * But Were Afraid to Ask,R
It Follows,R
Silent House,R
The Legend of Drunken Master,R
Boys Don't Cry,R
Witchboard,R
Winter's Bone,R
American Splendor,R
Thirteen,R
Touching the Void,R
Me and You and Everyone We Know,R
We Are Your Friends,R
Harsh Times,R
Ghost Dog: The Way of the Samurai,R
Full Frontal,R
Waltz with Bashir,R
The Diary of a Teenage Girl,R
Dinner Rush,R
The Virginity Hit,R
Subway,R
Teeth,R
Stonewall,R
Sherrybaby,R
It's All Gone Pete Tong,R
Saint John of Las Vegas,R
24 7: Twenty Four Seven,R
Return of the Living Dead III,R
London,R
Eden Lake,R
Gangster's Paradise: Jerusalema,R
Plush,R
Vampire Killers,R
Freeze Frame,R
Stitches,R
Nine Dead,R
No Man's Land: The Rise of Reeker,R
Rockaway,R
Straight A's,R
Highway,R
Small Apartments,R
All Is Bright,R
The Walking Deceased,R
Wind Walkers,R
Buried,R
The Marine 4: Moving Target,R
River's Edge,R
Nowhere Boy,R
Brotherly Love,R
Submarine,R
El crimen del padre Amaro,R
Higher Ground,R
Sublime,R
Run Lola Run,R
May,R
I Spit on Your Grave,R
In the Bedroom,R
My Summer of Love,R
Yes,R
Foolish,R
N-Secure,R
Out of the Dark,R
Mississippi Mermaid,R
I Love Your Work,R
Cabin Fever,R
Bloodsport,R
The Squid and the Whale,R
Kissing Jessica Stein,R
Exotica,R
The To Do List,R
Buffalo '66,R
Repo Man,R
Nine Queens,R
The Lords of Salem,R
The Ballad of Jack and Rose,R
Unsullied,R
Killing Zoe,R
The Believer,R
Snow Angels,R
Session 9,R
I Want Someone to Eat Cheese With,R
Amigo,R
Hatchet,R
My Name Is Bruce,R
Forty Shades of Blue,R
Trucker,R
Once Upon a Time in Queens,R
The Holy Girl,R
The Blue Room,R
House at the End of the Drive,R
The Celebration,R
Trees Lounge,R
Journey from the Fall,R
Def-Con 4,R
The Hebrew Hammer,R
Forget Me Not,R
The 41-Year-Old Virgin Who Knocked Up Sarah Marshall and Felt Superbad About It,R
Friday the 13th Part 2,R
C.H.U.D.,R
Filly Brown,R
Saw,R
"Sex, Lies, and Videotape",R
Baazigar,R
Super Troopers,R
You Can Count on Me,R
But I'm a Cheerleader,R
The Second Mother,R
Down and Out with the Dolls,R
Extreme Movie,R
Below Zero,R
Crowsnest,R
Cotton Comes to Harlem,R
The Wicked Within,R
Waiting...,R
The Raid: Redemption,R
From a Whisper to a Scream,R
Beyond the Black Rainbow,R
Lake Mungo,R
The Dead Undead,R
The Vatican Exorcisms,R
The Devil Inside,R
Unfriended,R
Chernobyl Diaries,R
The Howling,R
Hellraiser,R
Blue Valentine,R
Transamerica,R
The Green Inferno,R
The Sessions,R
The Skeleton Twins,R
Next Stop Wonderland,R
Obvious Child,R
Martha Marcy May Marlene,R
Frozen River,R
Two Girls and a Guy,R
The Broken Hearts Club: A Romantic Comedy,R
Walking and Talking,R
Bubba Ho-Tep,R
Slam,R
Palo Alto,R
All the Real Girls,R
Dream with the Fishes,R
Blue Car,R
Wristcutters: A Love Story,R
Luminarias,R
I Origins,R
Taxi to the Dark Side,R
The House of the Devil,R
Creative Control,R
The Perfect Host,R
The Last Big Thing,R
Safe Men,R
Speedway Junky,R
The Specials,R
Special,R
Sparkler,R
The Helix... Loaded,R
Childless,R
In Her Line of Fire,R
The Jimmy Show,R
Frat Party,R
Jimmy and Judy,R
The Poker House,R
ZMD: Zombies of Mass Destruction,R
Black Rock,R
Fear Clinic,R
1982,R
Hard Candy,R
Banshee Chapter,R
L!fe Happens,R
Fruitvale Station,R
Circumstance,R
The Quiet,R
The Brass Teapot,R
"For a Good Time, Call...",R
Latter Days,R
The Hammer,R
Celeste & Jesse Forever,R
London to Brighton,R
Welcome to the Dollhouse,R
Raising Victor Vargas,R
Ruby in Paradise,R
Deterrence,R
The Mudge Boy,R
The Young Unknowns,R
Kevin Hart: Laugh at My Pain,R
Aqua Teen Hunger Force Colon Movie Film for Theaters,R
Safety Not Guaranteed,R
The Innkeepers,R
The Conformist,R
Interview with the Assassin,R
Donkey Punch,R
All the Boys Love Mandy Lane,R
Bled,R
Half Nelson,R
Hav Plenty,R
The Blair Witch Project,R
Woodstock,R
The Kentucky Fried Movie,R
Broken Vessels,R
Love Letters,R
High Road,R
Open Water,R
The Station Agent,R
Beyond the Mat,R
Groove,R
Twin Falls Idaho,R
Mean Creek,R
Drinking Buddies,R
Hurricane Streets,R
Never Again,R
Civil Brand,R
Monsters,R
Lonesome Jim,R
Rubber,R
Johnny Suede,R
Pledge This!,R
Gigli,R
Kiss the Bride,R
The Slaughter Rule,R
Everything Put Together,R
Good Kill,R
Enter Nowhere,R
Girls Gone Dead,R
Subconscious,R
Diamond Ruff,R
The King of Najayo,R
The Sound and the Shadow,R
The Toxic Avenger,R
Paranormal Activity,R
Straight Out of Brooklyn,R
Bloody Sunday,R
Conversations with Other Women,R
Blue Ruin,R
Quinceañera,R
The Beyond,R
Fabled,R
The Dark Hours,R
My Beautiful Laundrette,R
Show Me,R
Cries & Whispers,R
American Ninja 2: The Confrontation,R
Murderball,R
Tupac: Resurrection,R
The Prophecy,R
When the Cat's Away,R
Wendy and Lucy,R
3 Backyards,R
"First Love, Last Rites",R
Fighting Tommy Riley,R
Locker 13,R
Death Race 2000,R
Some Guy Who Kills People,R
Midnight Cabaret,R
Anderson's Cross,R
Death Calls,R
Compliance,R
Graduation Day,R
Chasing Amy,R
Lovely & Amazing,R
Better Luck Tomorrow,R
The Incredibly True Adventure of Two Girls in Love,R
Chuck & Buck,R
Cube,R
Love and Other Catastrophes,R
I Married a Strange Person!,R
November,R
Sugar Town,R
The Canyons,R
On the Outs,R
Butterfly,R
Bronson,R
Urbania,R
Mad Max,R
Swingers,R
A Fistful of Dollars,R
Middle of Nowhere,R
Baghead,R
Malevolence,R
Good Dick,R
She's Gotta Have It,R
Sweet Sweetback's Baadasssss Song,R
Once,R
Roger & Me,R
Sound of My Voice,R
An American in Hollywood,R
Your Sister's Sister,R
The Birth of a Nation,R
The Gallows,R
Hollywood Shuffle,R
Penitentiary,R
Closure,R
Monsoon Wedding,R
Happy Christmas,R
Absentia,R
Pi,R
"I Love You, Don't Touch Me!",R
20 Dates,R
The FP,R
The Brothers McMullen,R
Gabriela,R
This Is Martin Bonner,R
Smiling Fish & Goat on Fire,R
The Legend of God's Gun,R
Mutual Appreciation,R
Down Terrace,R
Clerks,R
In the Company of Men,R
Rampage,R
Exeter,R
Slacker,R
The Puffy Chair,R
Clean,R
El Mariachi,R
City of God,R
The Intouchables,R
Cinema Paradiso,R
The Lives of Others,R
Oldboy,R
Das Boot,R
Amélie,R
For a Few Dollars More,R
The Hunt,R
Girl in Gold Boots,R
Downfall,R
Pan's Labyrinth,R
Ran,R
The Secret in Their Eyes,R
Incendies,R
Wild Tales,R
Amores Perros,R
Infernal Affairs,R
Dark Harvest II: The Maize,R
Soultaker,R
Time Traveller,R
Terminator 3: Rise of the Machines,R
Breaking Wind,R
Alexander,R
The Matrix Reloaded,R
Zombie Nightmare,R
The Matrix Revolutions,R
Troy,R
The Wolfman,R
Lethal Weapon 4,R
The Last Samurai,R
Watchmen,R
Bad Boys II,R
Mitchell,R
Prometheus,R
Total Recall,R
The 13th Warrior,R
Elysium,R
Windtalkers,R
The Patriot,R
300: Rise of an Empire,R
Survival Island,R
The Taking of Pelham 123,R
Kingdom of Heaven,R
Ali,R
Town & Country,R
Public Enemies,R
Cloud Atlas,R
Devil Fish,R
True Lies,R
American Gangster,R
Eraser,R
The Expendables 2,R
End of Days,R
Starship Troopers,R
Green Zone,R
The Flowers of War,R
Gangs of New York,R
Black Hawk Down,R
Sex and the City 2,R
The Campaign,R
A Good Day to Die Hard,R
Ghosts Can't Do It,R
Tropic Thunder,R
The Girl with the Dragon Tattoo,R
Warrior of the Lost World,R
Die Hard with a Vengeance,R
Hollow Man,R
Lara Croft Tomb Raider: The Cradle of Life,PG-13
Now You See Me 2,PG-13
The Saint,PG-13
King Arthur: Legend of the Sword,PG-13
Volcano,PG-13
K-19: The Widowmaker,PG-13
The Three Musketeers,PG-13
Twister,PG-13
Cinderella Man,PG-13
Seabiscuit,PG-13
Cast Away,PG-13
Ocean's Eleven,PG-13
The Bourne Supremacy,PG-13
Divergent,PG-13
Ocean's Thirteen,PG-13
The Dark Knight,PG-13
Tower Heist,PG-13
The Holiday,PG-13
The Fast and the Furious: Tokyo Drift,PG-13
Memoirs of a Geisha,PG-13
Last Action Hero,PG-13
The Rundown,PG-13
Meet Joe Black,PG-13
Scott Pilgrim vs. the World,PG-13
The Core,PG-13
Nutty Professor II: The Klumps,PG-13
RED 2,PG-13
Click,PG-13
Jumper,PG-13
Hellboy II: The Golden Army,PG-13
The Longest Yard,PG-13
The 6th Day,PG-13
Bruce Almighty,PG-13
The Lord of the Rings: The Return of the King,PG-13
The Hunger Games,PG-13
Mission: Impossible,PG-13
Batman Returns,PG-13
The Mummy,PG-13
Deep Impact,PG-13
Grown Ups 2,PG-13
Get Smart,PG-13
Something's Gotta Give,PG-13
Four Christmases,PG-13
Just Go with It,PG-13
Eagle Eye,PG-13
The Haunting,PG-13
The Lord of the Rings: The Fellowship of the Ring,PG-13
The Day the Earth Stood Still,PG-13
Six Days Seven Nights,PG-13
Lost in Space,PG-13
Déjà Vu,PG-13
The Time Machine,PG-13
Disaster Movie,PG-13
Forrest Gump,PG-13
What Dreams May Come,PG-13
Little Nicky,PG-13
Surrogates,PG-13
The Brothers Grimm,PG-13
Mars Attacks!,PG-13
Thirteen Days,PG-13
Daylight,PG-13
The Last Witch Hunter,PG-13
Pompeii,PG-13
Nine,PG-13
Timeline,PG-13
Inception,PG-13
Red Planet,PG-13
The Invasion,PG-13
A Sound of Thunder,PG-13
Hidalgo,PG-13
The Lord of the Rings: The Two Towers,PG-13
The League of Extraordinary Gentlemen,PG-13
2 Fast 2 Furious,PG-13
Independence Day,PG-13
The Lost World: Jurassic Park,PG-13
Grown Ups,PG-13
X-Men,PG-13
50 First Dates,PG-13
Now You See Me,PG-13
Dreamgirls,PG-13
The Terminal,PG-13
Vertical Limit,PG-13
Be Cool,PG-13
Killers,PG-13
The Man from U.N.C.L.E.,PG-13
Lady in the Water,PG-13
Spanglish,PG-13
Bandits,PG-13
Anna and the King,PG-13
First Knight,PG-13
Sucker Punch,PG-13
Hollywood Homicide,PG-13
Flight of the Phoenix,PG-13
Carriers,PG-13
Monkeybone,PG-13
Unbreakable,PG-13
Talladega Nights: The Ballad of Ricky Bobby,PG-13
Sphere,PG-13
The Simpsons Movie,PG-13
Fool's Gold,PG-13
Driven,PG-13
The Village,PG-13
Doctor Dolittle,PG-13
Signs,PG-13
xXx,PG-13
S.W.A.T.,PG-13
Battle Los Angeles,PG-13
AVP: Alien vs. Predator,PG-13
War Horse,PG-13
The Monuments Men,PG-13
Dracula Untold,PG-13
The Abyss,PG-13
Wall Street: Money Never Sleeps,PG-13
The Dilemma,PG-13
Stardust,PG-13
Rock of Ages,PG-13
Seven Years in Tibet,PG-13
I Spy,PG-13
Bad Company,PG-13
The Finest Hours,PG-13
The Legend of Hercules,PG-13
Dinner for Schmucks,PG-13
The Twilight Saga: Eclipse,PG-13
The Sum of All Fears,PG-13
Mystery Men,PG-13
Interstellar,PG-13
The Last Legion,PG-13
Entrapment,PG-13
The X Files,PG-13
Need for Speed,PG-13
What Women Want,PG-13
Lincoln,PG-13
Les Misérables,PG-13
Unbroken,PG-13
The Mask of Zorro,PG-13
Space Cowboys,PG-13
World Trade Center,PG-13
Mona Lisa Smile,PG-13
This Means War,PG-13
Red Dawn,PG-13
Everest,PG-13
Elektra,PG-13
"I, Frankenstein",PG-13
Oliver Twist,PG-13
Littleman,PG-13
Austin Powers in Goldmember,PG-13
The Hottie & the Nottie,PG-13
Wyatt Earp,PG-13
Clear and Present Danger,PG-13
U-571,PG-13
The American President,PG-13
The Love Guru,PG-13
Blades of Glory,PG-13
Maze Runner: The Scorch Trials,PG-13
Meet the Fockers,PG-13
Wild Hogs,PG-13
The Bourne Identity,PG-13
Couples Retreat,PG-13
GoldenEye,PG-13
The Italian Job,PG-13
Two Weeks Notice,PG-13
The Scorpion King,PG-13
RED,PG-13
Starsky & Hutch,PG-13
Days of Thunder,PG-13
Eat Pray Love,PG-13
Jack Reacher,PG-13
The Family Man,PG-13
Contagion,PG-13
The Horse Whisperer,PG-13
Ladder 49,PG-13
Hellboy,PG-13
A Civil Action,PG-13
Joy,PG-13
Paycheck,PG-13
Up Close & Personal,PG-13
The Tuxedo,PG-13
Jack Ryan: Shadow Recruit,PG-13
Miss Congeniality 2: Armed and Fabulous,PG-13
Practical Magic,PG-13
Star Trek: Nemesis,PG-13
Reign of Fire,PG-13
Year One,PG-13
Invictus,PG-13
State of Play,PG-13
Duplicity,PG-13
Trouble with the Curve,PG-13
Intolerable Cruelty,PG-13
The Soloist,PG-13
The Mortal Instruments: City of Bones,PG-13
The Legend of Bagger Vance,PG-13
Priest,PG-13
xXx: State of the Union,PG-13
Dragonfly,PG-13
Dark Water,PG-13
Edtv,PG-13
Flyboys,PG-13
Winter's Tale,PG-13
Supernova,PG-13
The Prestige,PG-13
The Spirit,PG-13
In the Name of the King: A Dungeon Siege Tale,PG-13
Just Like Heaven,PG-13
Leatherheads,PG-13
Did You Hear About the Morgans?,PG-13
The Internship,PG-13
Red Tails,PG-13
Ghost Rider: Spirit of Vengeance,PG-13
DragonHeart,PG-13
After the Sunset,PG-13
Walking Tall,PG-13
Hitch,PG-13
Meet the Parents,PG-13
The Pursuit of Happyness,PG-13
The Nutty Professor,PG-13
Captain Phillips,PG-13
Date Night,PG-13
Maid in Manhattan,PG-13
Flightplan,PG-13
City of Angels,PG-13
Bowfinger,PG-13
Death Becomes Her,PG-13
Shanghai Noon,PG-13
The Forbidden Kingdom,PG-13
The Phantom of the Opera,PG-13
Burlesque,PG-13
Stuck on You,PG-13
Æon Flux,PG-13
Chain Reaction,PG-13
Elizabeth: The Golden Age,PG-13
Gods and Generals,PG-13
All the King's Men,PG-13
Lucky You,PG-13
"You, Me and Dupree",PG-13
Seven Pounds,PG-13
Elizabethtown,PG-13
The Dukes of Hazzard,PG-13
Moulin Rouge!,PG-13
Domestic Disturbance,PG-13
Mamma Mia!,PG-13
The Break-Up,PG-13
Valentine's Day,PG-13
Bulletproof Monk,PG-13
The Dark Knight Rises,PG-13
The Adjustment Bureau,PG-13
The Twilight Saga: New Moon,PG-13
Robin Hood: Prince of Thieves,PG-13
Daddy's Home,PG-13
As Good as It Gets,PG-13
Patch Adams,PG-13
Anchorman 2: The Legend Continues,PG-13
Super 8,PG-13
Mr. Deeds,PG-13
Central Intelligence,PG-13
How to Lose a Guy in 10 Days,PG-13
Yes Man,PG-13
Non-Stop,PG-13
Stepmom,PG-13
Failure to Launch,PG-13
"Crazy, Stupid, Love.",PG-13
Congo,PG-13
Knowing,PG-13
The Ring Two,PG-13
Moneyball,PG-13
Shanghai Knights,PG-13
I Am Number Four,PG-13
Firewall,PG-13
Into the Storm,PG-13
The Replacements,PG-13
Gremlins 2: The New Batch,PG-13
Out of Time,PG-13
Raising Helen,PG-13
For Love of the Game,PG-13
Hereafter,PG-13
Zoolander 2,PG-13
The Host,PG-13
Dream House,PG-13
Man of the House,PG-13
Beautiful Creatures,PG-13
Into the Blue,PG-13
Fair Game,PG-13
Mad City,PG-13
Street Fighter: The Legend of Chun-Li,PG-13
The Big Bounce,PG-13
Arrival,PG-13
The One,PG-13
Rings,PG-13
Taken 3,PG-13
Rat Race,PG-13
K-PAX,PG-13
Kate & Leopold,PG-13
Bedazzled,PG-13
The Cable Guy,PG-13
Riding in Cars with Boys,PG-13
Jonah Hex,PG-13
My Best Friend's Wedding,PG-13
America's Sweethearts,PG-13
First Contact,PG-13
Liar Liar,PG-13
Taken 2,PG-13
Scary Movie 3,PG-13
Miss Congeniality,PG-13
The Pelican Brief,PG-13
The Bucket List,PG-13
The Client,PG-13
Monster-in-Law,PG-13
Coach Carter,PG-13
The Bounty Hunter,PG-13
Anaconda,PG-13
Coyote Ugly,PG-13
The River Wild,PG-13
Blended,PG-13
Last Holiday,PG-13
16 Blocks,PG-13
Cellular,PG-13
Dune,PG-13
Across the Universe,PG-13
Babylon A.D.,PG-13
Victor Frankenstein,PG-13
Multiplicity,PG-13
The Producers,PG-13
The Ghost Writer,PG-13
All the Pretty Horses,PG-13
Big Trouble,PG-13
The Fugitive,PG-13
Charlie St. Cloud,PG-13
Finding Forrester,PG-13
28 Days,PG-13
Notting Hill,PG-13
Along Came Polly,PG-13
High Crimes,PG-13
The Mirror Has Two Faces,PG-13
Red Riding Hood,PG-13
The Mothman Prophecies,PG-13
Licence to Kill,PG-13
One for the Money,PG-13
Hero,PG-13
Man on a Ledge,PG-13
A Knight's Tale,PG-13
The Medallion,PG-13
The Proposal,PG-13
The Social Network,PG-13
42,PG-13
Julie & Julia,PG-13
He's Just Not That Into You,PG-13
Ride Along 2,PG-13
Scary Movie 4,PG-13
Dumb and Dumber To,PG-13
The Other Woman,PG-13
The Intern,PG-13
Ray,PG-13
Bridge of Spies,PG-13
Vantage Point,PG-13
Shallow Hal,PG-13
Big Momma's House 2,PG-13
17 Again,PG-13
Unknown,PG-13
Behind Enemy Lines,PG-13
Shall We Dance,PG-13
Small Soldiers,PG-13
The Count of Monte Cristo,PG-13
Music and Lyrics,PG-13
Secret Window,PG-13
The Skeleton Key,PG-13
Made of Honor,PG-13
The Rainmaker,PG-13
Medicine Man,PG-13
Fever Pitch,PG-13
Autumn in New York,PG-13
The Guilt Trip,PG-13
Colombiana,PG-13
Hanging Up,PG-13
Mickey Blue Eyes,PG-13
Pay It Forward,PG-13
Drillbit Taylor,PG-13
Extremely Loud & Incredibly Close,PG-13
The Shadow,PG-13
Morning Glory,PG-13
Grudge Match,PG-13
Rent,PG-13
The Out-of-Towners,PG-13
The Island of Dr. Moreau,PG-13
The Musketeer,PG-13
The Other Boleyn Girl,PG-13
Sweet November,PG-13
Renaissance Man,PG-13
At First Sight,PG-13
Torque,PG-13
The Impossible,PG-13
A Thousand Words,PG-13
Marie Antoinette,PG-13
Life or Something Like It,PG-13
Ishtar,PG-13
Memoirs of an Invisible Man,PG-13
Cirque du Freak: The Vampire's Assistant,PG-13
Indiana Jones and the Last Crusade,PG-13
The Deep End of the Ocean,PG-13
Duplex,PG-13
Disturbia,PG-13
Extreme Ops,PG-13
Just Visiting,PG-13
Hackers,PG-13
Batman Begins,PG-13
The Time Traveler's Wife,PG-13
Because I Said So,PG-13
Serenity,PG-13
Against the Ropes,PG-13
The Grandmaster,PG-13
Sweet Home Alabama,PG-13
Water for Elephants,PG-13
Heartbreakers,PG-13
Enough,PG-13
The 5th Wave,PG-13
White Squall,PG-13
Texas Rangers,PG-13
What to Expect When You're Expecting,PG-13
Twilight,PG-13
Creed,PG-13
The Rite,PG-13
Aloha,PG-13
John Q,PG-13
Blue Streak,PG-13
Snow Falling on Cedars,PG-13
Ghosts of Mississippi,PG-13
Gattaca,PG-13
Ip Man 3,PG-13
There Be Dragons,PG-13
Head of State,PG-13
The Blind Side,PG-13
Batman,PG-13
Austin Powers: The Spy Who Shagged Me,PG-13
True Grit,PG-13
The Devil Wears Prada,PG-13
Saving Mr. Banks,PG-13
21,PG-13
Guess Who,PG-13
In & Out,PG-13
The Benchwarmers,PG-13
The Man in the Iron Mask,PG-13
Malcolm X,PG-13
Must Love Dogs,PG-13
License to Wed,PG-13
Max Payne,PG-13
Something Borrowed,PG-13
In Time,PG-13
The Back-up Plan,PG-13
Hot Pursuit,PG-13
Concussion,PG-13
Black Knight,PG-13
Street Fighter,PG-13
Abduction,PG-13
Superhero Movie,PG-13
Blast from the Past,PG-13
Alex Cross,PG-13
Jersey Girl,PG-13
The X Files: I Want to Believe,PG-13
Premium Rush,PG-13
Cursed,PG-13
The Four Feathers,PG-13
Wimbledon,PG-13
Flight of the Intruder,PG-13
The Tree of Life,PG-13
American Outlaws,PG-13
The Fountain,PG-13
Mandela: Long Walk to Freedom,PG-13
A Good Year,PG-13
Radio Flyer,PG-13
La La Land,PG-13
Playing for Keeps,PG-13
Bandidas,PG-13
The Darkest Hour,PG-13
The Maze Runner,PG-13
The Longest Ride,PG-13
I Dreamed of Africa,PG-13
Big Momma's House,PG-13
Step Up Revolution,PG-13
Goal! The Dream Begins,PG-13
Scrooged,PG-13
Takers,PG-13
Source Code,PG-13
Transporter 2,PG-13
"Big Mommas: Like Father, Like Son",PG-13
A Beautiful Mind,PG-13
The Incredible Burt Wonderstone,PG-13
Laws of Attraction,PG-13
Dragon Wars: D-War,PG-13
Arachnophobia,PG-13
Warrior,PG-13
Frequency,PG-13
Hearts in Atlantis,PG-13
Chicago,PG-13
Big Daddy,PG-13
The Vow,PG-13
Lee Daniels' The Butler,PG-13
Dodgeball: A True Underdog Story,PG-13
The Addams Family,PG-13
Ace Ventura: When Nature Calls,PG-13
The Notebook,PG-13
27 Dresses,PG-13
Warm Bodies,PG-13
Down to Earth,PG-13
Hope Springs,PG-13
Baby Mama,PG-13
Hope Floats,PG-13
Without a Paddle,PG-13
13 Going on 30,PG-13
Midnight in Paris,PG-13
P.S. I Love You,PG-13
Message in a Bottle,PG-13
Naked Gun 33 1/3: The Final Insult,PG-13
The Age of Adaline,PG-13
Step Up 3D,PG-13
Drag Me to Hell,PG-13
Stranger Than Fiction,PG-13
Hanna,PG-13
Blue Crush,PG-13
Little Shop of Horrors,PG-13
Gridiron Gang,PG-13
Mortal Kombat: Annihilation,PG-13
Larry Crowne,PG-13
Take the Lead,PG-13
What's the Worst That Could Happen?,PG-13
9,PG-13
Get on Up,PG-13
Dumb and Dumberer: When Harry Met Lloyd,PG-13
My Super Ex-Girlfriend,PG-13
Mr 3000,PG-13
The Next Three Days,PG-13
Little Black Book,PG-13
Ultraviolet,PG-13
Eight Legged Freaks,PG-13
The Whole Ten Yards,PG-13
The Cave,PG-13
Godsend,PG-13
Alex & Emma,PG-13
Wicker Park,PG-13
The New World,PG-13
Wing Commander,PG-13
Antitrust,PG-13
Chasing Liberty,PG-13
An Unfinished Life,PG-13
The Imaginarium of Doctor Parnassus,PG-13
Supercross,PG-13
The Promise,PG-13
DOA: Dead or Alive,PG-13
Pitch Perfect 2,PG-13
Walk the Line,PG-13
Keeping the Faith,PG-13
Serving Sara,PG-13
Florence Foster Jenkins,PG-13
The Sixth Sense,PG-13
Safe Haven,PG-13
Last Vegas,PG-13
The Wedding Planner,PG-13
Serendipity,PG-13
Zoolander,PG-13
3 Days to Kill,PG-13
Brick Mansions,PG-13
Just My Luck,PG-13
Pride and Prejudice and Zombies,PG-13
Kundun,PG-13
My Sister's Keeper,PG-13
"Welcome Home, Roscoe Jenkins",PG-13
Joyful Noise,PG-13
Anonymous,PG-13
Divine Secrets of the Ya-Ya Sisterhood,PG-13
The Sisterhood of the Traveling Pants 2,PG-13
About a Boy,PG-13
The Duchess,PG-13
The Newton Boys,PG-13
Kindergarten Cop,PG-13
Ever After: A Cinderella Story,PG-13
Red Eye,PG-13
New Year's Eve,PG-13
"O Brother, Where Art Thou?",PG-13
In Good Company,PG-13
Silverado,PG-13
The Best of Me,PG-13
Welcome to Mooseport,PG-13
Highlander: The Final Dimension,PG-13
Self/less,PG-13
The Curse of the Jade Scorpion,PG-13
Accidental Love,PG-13
W.,PG-13
Mrs. Doubtfire,PG-13
Taken,PG-13
Ride Along,PG-13
"Legally Blonde 2: Red, White & Blonde",PG-13
Anchorman: The Legend of Ron Burgundy,PG-13
Cloverfield,PG-13
Dear John,PG-13
Chocolat,PG-13
The Lucky One,PG-13
A Madea Christmas,PG-13
Hotel Rwanda,PG-13
The House Bunny,PG-13
The Giver,PG-13
The Last Emperor,PG-13
The Hours,PG-13
Undercover Brother,PG-13
Beauty Shop,PG-13
She's the Man,PG-13
Anacondas: The Hunt for the Blood Orchid,PG-13
Draft Day,PG-13
Dance Flick,PG-13
Kingpin,PG-13
The Losers,PG-13
Don Juan DeMarco,PG-13
A Lot Like Love,PG-13
Eddie the Eagle,PG-13
Shark Night 3D,PG-13
Half Past Dead,PG-13
The Box,PG-13
The Next Best Thing,PG-13
Stealing Harvard,PG-13
Hot Rod,PG-13
The 33,PG-13
The Conspirator,PG-13
Lords of Dogtown,PG-13
Big Trouble in Little China,PG-13
Abandon,PG-13
Brokedown Palace,PG-13
The Possession,PG-13
Mrs. Winterbourne,PG-13
Underclassman,PG-13
The World's Fastest Indian,PG-13
King's Ransom,PG-13
Me and Orson Welles,PG-13
Without Limits,PG-13
Red Sky,PG-13
Think Like a Man Too,PG-13
Double Take,PG-13
Win a Date with Tad Hamilton!,PG-13
Ready to Rumble,PG-13
I Don't Know How She Does It,PG-13
Beyond the Sea,PG-13
The Waterboy,PG-13
The Naked Gun 2½: The Smell of Fear,PG-13
Someone Like You...,PG-13
Anywhere But Here,PG-13
Vanity Fair,PG-13
Jaws: The Revenge,PG-13
The Crew,PG-13
Marvin's Room,PG-13
Coco Before Chanel,PG-13
1408,PG-13
Ghost,PG-13
The Bridges of Madison County,PG-13
Son of God,PG-13
The Animal,PG-13
The Net,PG-13
I Am Sam,PG-13
Delivery Man,PG-13
"Hail, Caesar!",PG-13
Mad Money,PG-13
Saving Silverman,PG-13
The Glass House,PG-13
The Transporter Refueled,PG-13
Josie and the Pussycats,PG-13
Million Dollar Baby,PG-13
RoboCop 3,PG-13
Megiddo: The Omega Code 2,PG-13
Jurassic Park,PG-13
Joyeux Noel,PG-13
Molière,PG-13
My Fellow Americans,PG-13
Touch of Evil,PG-13
Hardball,PG-13
Freedom Writers,PG-13
The Transporter,PG-13
Never Back Down,PG-13
Spider-Man: Homecoming,PG-13
Swing Vote,PG-13
Moonlight Mile,PG-13
The Beaver,PG-13
Molly,PG-13
Pulse,PG-13
Bringing Down the House,PG-13
Wayne's World,PG-13
School of Rock,PG-13
Mortal Kombat,PG-13
White Chicks,PG-13
Madea's Witness Protection,PG-13
Drumline,PG-13
Me Before You,PG-13
Harry Potter and the Deathly Hallows: Part 2,PG-13
Edward Scissorhands,PG-13
Selma,PG-13
Date Movie,PG-13
Premonition,PG-13
Boogeyman,PG-13
Star Wars: The Force Awakens,PG-13
Lakeview Terrace,PG-13
The Grudge 2,PG-13
Man of the Year,PG-13
Risen,PG-13
Vampires Suck,PG-13
Doubt,PG-13
Scary Movie 5,PG-13
Paint Your Wagon,PG-13
The Stepfather,PG-13
Nerve,PG-13
Stick It,PG-13
One Missed Call,PG-13
Endless Love,PG-13
The Covenant,PG-13
Stay Alive,PG-13
Quigley Down Under,PG-13
Secret in Their Eyes,PG-13
Ladyhawke,PG-13
School for Scoundrels,PG-13
Home for the Holidays,PG-13
Armored,PG-13
The Kite Runner,PG-13
Paparazzi,PG-13
A Guy Thing,PG-13
Loser,PG-13
Lockout,PG-13
Envy,PG-13
Ghost Town,PG-13
12 Rounds,PG-13
Be Kind Rewind,PG-13
Three to Tango,PG-13
We're No Angels,PG-13
Catch Me If You Can,PG-13
Everybody's Fine,PG-13
Battle of the Year,PG-13
The Man,PG-13
Code Name: The Cleaner,PG-13
Connie and Carla,PG-13
An American Carol,PG-13
Willard,PG-13
Little Boy,PG-13
Who's Your Caddy?,PG-13
Flash of Genius,PG-13
The Cold Light of Day,PG-13
The Brothers Bloom,PG-13
Bon voyage,PG-13
Dylan Dog: Dead of Night,PG-13
Steamboy,PG-13
The Bourne Ultimatum,PG-13
The Tempest,PG-13
Survivor,PG-13
The Painted Veil,PG-13
Dances with Wolves,PG-13
Just Married,PG-13
I Can Do Bad All by Myself,PG-13
The Switch,PG-13
The Book Thief,PG-13
Out of Inferno,PG-13
The Invention of Lying,PG-13
Left Behind,PG-13
The Mask,PG-13
Legally Blonde,PG-13
Mean Girls,PG-13
The Exorcism of Emily Rose,PG-13
Barbershop 2: Back in Business,PG-13
The Family Stone,PG-13
My Big Fat Greek Wedding 2,PG-13
Austin Powers: International Man of Mystery,PG-13
Prom Night,PG-13
Under the Tuscan Sun,PG-13
Peggy Sue Got Married,PG-13
Blue Jasmine,PG-13
Honey,PG-13
Spy Hard,PG-13
Love the Coopers,PG-13
Love Happens,PG-13
Young Sherlock Holmes,PG-13
Center Stage,PG-13
And So It Goes,PG-13
"I Love You, Beth Cooper",PG-13
Labor Day,PG-13
Getaway,PG-13
The Help,PG-13
Hamlet,PG-13
Midnight Special,PG-13
The Wraith,PG-13
Red Sonja,PG-13
Madea Goes to Jail,PG-13
Step Up 2: The Streets,PG-13
The Others,PG-13
Pitch Perfect,PG-13
Lion,PG-13
A Night at the Roxbury,PG-13
Beastly,PG-13
Lottery Ticket,PG-13
Dickie Roberts: Former Child Star,PG-13
ATL,PG-13
Summer Catch,PG-13
Larry the Cable Guy: Health Inspector,PG-13
They,PG-13
My Life in Ruins,PG-13
American Dreamz,PG-13
How She Move,PG-13
The Apparition,PG-13
Guardians of the Galaxy,PG-13
Shanghai Surprise,PG-13
The Illusionist,PG-13
The Young Messiah,PG-13
My Girl,PG-13
Sydney White,PG-13
Dumb and Dumber,PG-13
Moonrise Kingdom,PG-13
The Artist,PG-13
The Unborn,PG-13
The Roommate,PG-13
Joe Dirt,PG-13
The Women,PG-13
Vicky Cristina Barcelona,PG-13
Boys and Girls,PG-13
Remember Me,PG-13
White Oleander,PG-13
Drowning Mona,PG-13
Guardians of the Galaxy Vol. 2,PG-13
How to Deal,PG-13
My Stepmother Is an Alien,PG-13
Philadelphia,PG-13
The Cookout,PG-13
Hollywood Ending,PG-13
Pirates of the Caribbean: The Curse of the Black Pearl,PG-13
Steel,PG-13
The White Countess,PG-13
Vamps,PG-13
Juwanna Mann,PG-13
The Yellow Handkerchief,PG-13
The Imitation Game,PG-13
"Crouching Tiger, Hidden Dragon",PG-13
The Color Purple,PG-13
Mama,PG-13
The Queen,PG-13
Why Did I Get Married?,PG-13
The Woman in Black,PG-13
When a Stranger Calls,PG-13
Snitch,PG-13
Krampus,PG-13
The Theory of Everything,PG-13
The Skulls,PG-13
Malibu's Most Wanted,PG-13
All About Steve,PG-13
Where the Heart Is,PG-13
Glitter,PG-13
The Wedding Date,PG-13
The Great Debaters,PG-13
Love & Basketball,PG-13
Country Strong,PG-13
The Marine,PG-13
One Day,PG-13
De-Lovely,PG-13
Whip It,PG-13
The Muse,PG-13
Home Fries,PG-13
Here on Earth,PG-13
Peeples,PG-13
Whatever It Takes,PG-13
The Rocker,PG-13
Post Grad,PG-13
Whatever Works,PG-13
The In Crowd,PG-13
Jakob the Liar,PG-13
Blood and Chocolate,PG-13
Crazy in Alabama,PG-13
Felicia's Journey,PG-13
The Avengers,PG-13
All the Queen's Men,PG-13
Pandaemonium,PG-13
Romeo + Juliet,PG-13
Sarah's Key,PG-13
Stomp the Yard,PG-13
Good Deeds,PG-13
Superstar,PG-13
The Iron Lady,PG-13
The Martian,PG-13
Our Family Wedding,PG-13
An American Haunting,PG-13
My Boss's Daughter,PG-13
Crooklyn,PG-13
Head Over Heels,PG-13
Fun Size,PG-13
The Diving Bell and the Butterfly,PG-13
Catch a Fire,PG-13
Soul Survivors,PG-13
Easy Virtue,PG-13
Jefferson in Paris,PG-13
Clueless,PG-13
Far from Heaven,PG-13
The Last Godfather,PG-13
The Sea Inside,PG-13
No Good Deed,PG-13
Save the Last Dance,PG-13
The Shallows,PG-13
This Christmas,PG-13
"Dude, Where's My Car?",PG-13
St. Vincent,PG-13
10 Things I Hate About You,PG-13
The New Guy,PG-13
Loaded Weapon 1,PG-13
Admission,PG-13
The Perks of Being a Wallflower,PG-13
Crazy/Beautiful,PG-13
Dirty Work,PG-13
Dick,PG-13
Bubble Boy,PG-13
Resurrecting the Champ,PG-13
The Vatican Tapes,PG-13
Antwone Fisher,PG-13
The Emperor's Club,PG-13
The Boy in the Striped Pajamas,PG-13
Lars and the Real Girl,PG-13
The Fault in Our Stars,PG-13
Think Like a Man,PG-13
The Golden Child,PG-13
Barbershop,PG-13
Ace Ventura: Pet Detective,PG-13
Step Up,PG-13
Chronicle,PG-13
Beavis and Butt-Head Do America,PG-13
Philomena,PG-13
Crossroads,PG-13
Paper Towns,PG-13
The Eye,PG-13
Johnson Family Vacation,PG-13
Project Almanac,PG-13
My Baby's Daddy,PG-13
The Manchurian Candidate,PG-13
Girl with a Pearl Earring,PG-13
House of Flying Daggers,PG-13
Screwed,PG-13
Crossover,PG-13
For Your Consideration,PG-13
Married Life,PG-13
Darling Companion,PG-13
Ondine,PG-13
Big Fish,PG-13
St. Trinian's,PG-13
If I Stay,PG-13
Brooklyn,PG-13
The Secret Life of Bees,PG-13
Woman in Gold,PG-13
Corky Romano,PG-13
Quartet,PG-13
Out Cold,PG-13
What's Eating Gilbert Grape,PG-13
The Visual Bible: The Gospel of John,PG-13
Return to the Blue Lagoon,PG-13
Copying Beethoven,PG-13
LOL,PG-13
An Ideal Husband,PG-13
Darkness,PG-13
In the Land of Women,PG-13
The Grudge,PG-13
Bring It On,PG-13
She's All That,PG-13
Madea's Family Reunion,PG-13
White Noise,PG-13
Insidious: Chapter 3,PG-13
The Best Exotic Marigold Hotel,PG-13
Happy Gilmore,PG-13
Mad Max Beyond Thunderdome,PG-13
The Boy,PG-13
Devil,PG-13
The Last Dragon,PG-13
Nick and Norah's Infinite Playlist,PG-13
Swimfan,PG-13
Employee of the Month,PG-13
The Forest,PG-13
The Fourth Kind,PG-13
Can't Hardly Wait,PG-13
Sparkle,PG-13
Mud,PG-13
Skyline,PG-13
A Prairie Home Companion,PG-13
Roll Bounce,PG-13
Tremors,PG-13
Kung Pow: Enter the Fist,PG-13
Big Eyes,PG-13
End of the Spear,PG-13
Get Over It,PG-13
Drop Dead Gorgeous,PG-13
Over Her Dead Body,PG-13
"Run, Fatboy, Run",PG-13
3 Idiots,PG-13
Rescue Dawn,PG-13
Black or White,PG-13
Atlas Shrugged II: The Strike,PG-13
Peaceful Warrior,PG-13
A Better Life,PG-13
My Blueberry Nights,PG-13
Blood Done Sign My Name,PG-13
Motherhood,PG-13
Elsa & Fred,PG-13
The Open Road,PG-13
Blonde Ambition,PG-13
White Noise 2: The Light,PG-13
It's a Wonderful Afterlife,PG-13
You Got Served: Beat the World,PG-13
Good Intentions,PG-13
Amour,PG-13
Poltergeist III,PG-13
Gentlemen Broncos,PG-13
Sicko,PG-13
Down to You,PG-13
Breakin' All the Rules,PG-13
Henry V,PG-13
PCU,PG-13
Gracie,PG-13
Undiscovered,PG-13
Crocodile Dundee,PG-13
The DUFF,PG-13
Baggage Claim,PG-13
The Namesake,PG-13
All Is Lost,PG-13
The City of Your Final Destination,PG-13
Easy A,PG-13
You Got Served,PG-13
Brown Sugar,PG-13
Shutter,PG-13
Much Ado About Nothing,PG-13
Drive Me Crazy,PG-13
Enough Said,PG-13
It's Kind of a Funny Story,PG-13
The Pallbearer,PG-13
Held Up,PG-13
Another Year,PG-13
When Did You Last See Your Father?,PG-13
Prefontaine,PG-13
The Wendell Baker Story,PG-13
Wild Target,PG-13
Mr. Church,PG-13
500 Days of Summer,PG-13
An Education,PG-13
Witless Protection,PG-13
Masked and Anonymous,PG-13
The Hole,PG-13
Persepolis,PG-13
The Omega Code,PG-13
Juno,PG-13
Jumping the Broom,PG-13
Darkness Falls,PG-13
"Definitely, Maybe",PG-13
Beyond the Lights,PG-13
Get Low,PG-13
Bride & Prejudice,PG-13
Freeheld,PG-13
House at the End of the Street,PG-13
Bran Nue Dae,PG-13
La Bamba,PG-13
Bats,PG-13
The East,PG-13
The Work and the Glory II: American Zion,PG-13
Grease,PG-13
Best in Show,PG-13
A Mighty Wind,PG-13
Mr. Nice Guy,PG-13
Sliding Doors,PG-13
The Words,PG-13
Bernie,PG-13
City Island,PG-13
Simply Irresistible,PG-13
Only the Strong,PG-13
Shattered Glass,PG-13
Snow Flower and the Secret Fan,PG-13
Beastmaster 2: Through the Portal of Time,PG-13
Lucky Break,PG-13
Song One,PG-13
Trade of Innocents,PG-13
Bend It Like Beckham,PG-13
Sunshine State,PG-13
Lage Raho Munna Bhai,PG-13
Diary of a Mad Black Woman,PG-13
Shine,PG-13
The Chorus,PG-13
Miss Julie,PG-13
Saint Ralph,PG-13
Insidious: Chapter 2,PG-13
10 Cloverfield Lane,PG-13
The Visit,PG-13
Lights Out,PG-13
Ouija,PG-13
Instructions Not Included,PG-13
The Lazarus Effect,PG-13
The Way Way Back,PG-13
The Apostle,PG-13
Race,PG-13
Still Alice,PG-13
Apollo 18,PG-13
Epic Movie,PG-13
The Haunting of Molly Hartley,PG-13
Not Easily Broken,PG-13
Saved!,PG-13
UHF,PG-13
90 Minutes in Heaven,PG-13
Keeping Up with the Steins,PG-13
Bottle Shock,PG-13
Of Gods and Men,PG-13
Rabbit Hole,PG-13
Atlas Shrugged: Who Is John Galt?,PG-13
Flying By,PG-13
Yoga Hosers,PG-13
Aztec Warrior,PG-13
Driving Lessons,PG-13
Dear Frankie,PG-13
Tango,PG-13
Saving Private Perez,PG-13
Maggie,PG-13
Whale Rider,PG-13
Love and Death on Long Island,PG-13
The Last Exorcism Part II,PG-13
Scoop,PG-13
Samsara,PG-13
The Art of Getting By,PG-13
Desert Dancer,PG-13
"Buen Día, Ramón",PG-13
Pootie Tang,PG-13
Trollhunter,PG-13
The Masked Saint,PG-13
D.E.B.S.,PG-13
"Batman: The Dark Knight Returns, Part 2",PG-13
To Write Love on Her Arms,PG-13
Bella,PG-13
The Class,PG-13
My Name Is Khan,PG-13
Adam,PG-13
Coming Home,PG-13
Phat Girlz,PG-13
Real Women Have Curves,PG-13
Water,PG-13
Damsels in Distress,PG-13
Brave New Girl,PG-13
The Deported,PG-13
Freakonomics,PG-13
Griff the Invisible,PG-13
Ida,PG-13
Riding Giants,PG-13
Robot & Frank,PG-13
Brick Lane,PG-13
The Other End of the Line,PG-13
Sleep Dealer,PG-13
Eye of the Dolphin,PG-13
8 Days,PG-13
Go for It!,PG-13
Thr3e,PG-13
Do You Believe?,PG-13
Redemption Road,PG-13
The Last Sin Eater,PG-13
Courageous,PG-13
The Triplets of Belleville,PG-13
Smoke Signals,PG-13
Inside Job,PG-13
Captive,PG-13
"The Book of Mormon Movie, Volume 1: The Journey",PG-13
Clockwatchers,PG-13
House of D,PG-13
The Last Five Years,PG-13
Six-String Samurai,PG-13
The Legend of Hell's Gate: An American Conspiracy,PG-13
Growing Up Smith,PG-13
Man on Wire,PG-13
Northfork,PG-13
The Last Exorcism,PG-13
Beasts of the Southern Wild,PG-13
Songcatcher,PG-13
The Greatest Movie Ever Sold,PG-13
Ed and His Dead Mother,PG-13
Independence Daysaster,PG-13
Living Dark: The Story of Ted the Caver,PG-13
Under the Same Moon,PG-13
"Happy, Texas",PG-13
Insidious,PG-13
Waitress,PG-13
Bheja Fry,PG-13
The Gatekeepers,PG-13
Mooz-Lum,PG-13
The Salon,PG-13
Incident at Loch Ness,PG-13
Queen of the Mountains,PG-13
Home Run,PG-13
Blue Like Jazz,PG-13
Grand Theft Parsons,PG-13
Cry_Wolf,PG-13
Shine a Light,PG-13
October Baby,PG-13
20 Feet from Stardom,PG-13
Brigham City,PG-13
The Battle of Shaker Heights,PG-13
Once in a Lifetime: The Extraordinary Story of the New York Cosmos,PG-13
Lisa Picard Is Famous,PG-13
Hardflip,PG-13
The Sisterhood of Night,PG-13
Steppin: The Movie,PG-13
Snow White: A Deadly Summer,PG-13
Doc Holliday's Revenge,PG-13
Saints and Soldiers,PG-13
Hoop Dreams,PG-13
Rize,PG-13
Naturally Native,PG-13
B-Girl,PG-13
After,PG-13
Mercy Streets,PG-13
Arnolds Park,PG-13
Light from the Darkroom,PG-13
To Save a Life,PG-13
Osama,PG-13
The Journey,PG-13
The Living Wake,PG-13
Now Is Good,PG-13
Fight to the Finish,PG-13
Metropolitan,PG-13
Dogtown and Z-Boys,PG-13
What Happens in Vegas,PG-13
Royal Kill,PG-13
Tumbleweeds,PG-13
Pieces of April,PG-13
Like Crazy,PG-13
Shotgun Stories,PG-13
The Frozen,PG-13
The Grace Card,PG-13
Call + Response,PG-13
Super Hybrid,PG-13
The Trials of Darryl Hunt,PG-13
Another Earth,PG-13
Heroes of Dirt,PG-13
Tadpole,PG-13
Romantic Schemer,PG-13
The Mighty,PG-13
The Signal,PG-13
Primer,PG-13
The Mongol King,PG-13
Shanghai Calling,PG-13
Battlefield Earth,PG-13
Anne B. Real,PG-13
Life Is Beautiful,PG-13
Once Upon a Time in the West,PG-13
Princess Mononoke,PG-13
A Separation,PG-13
Chairman of the Board,PG-13
Lawnmower Man 2: Beyond Cyberspace,PG-13
Avatar,PG-13
Pirates of the Caribbean: At World's End,PG-13
Spectre,PG-13
The Lone Ranger,PG-13
John Carter,PG-13
Spider-Man 3,PG-13
Avengers: Age of Ultron,PG-13
Captain America: Civil War,PG-13
Batman v Superman: Dawn of Justice,PG-13
The Hobbit: An Unexpected Journey,PG-13
The Hobbit: The Desolation of Smaug,PG-13
The Hobbit: The Battle of the Five Armies,PG-13
Pirates of the Caribbean: On Stranger Tides,PG-13
Superman Returns,PG-13
Quantum of Solace,PG-13
Pirates of the Caribbean: Dead Man's Chest,PG-13
Man of Steel,PG-13
The Amazing Spider-Man,PG-13
Jurassic World,PG-13
Men in Black 3,PG-13
Transformers: Revenge of the Fallen,PG-13
Transformers: Age of Extinction,PG-13
X-Men: The Last Stand,PG-13
Robin Hood,PG-13
Battleship,PG-13
The Golden Compass,PG-13
King Kong,PG-13
Titanic,PG-13
Iron Man 3,PG-13
Spider-Man 2,PG-13
Skyfall,PG-13
X-Men: Days of Future Past,PG-13
The Amazing Spider-Man 2,PG-13
2012,PG-13
Terminator Salvation,PG-13
Green Lantern,PG-13
Prince of Persia: The Sands of Time,PG-13
Transformers: Dark of the Moon,PG-13
Jack the Giant Slayer,PG-13
Furious 7,PG-13
Star Trek Into Darkness,PG-13
World War Z,PG-13
The Great Gatsby,PG-13
Pacific Rim,PG-13
Iron Man,PG-13
Indiana Jones and the Kingdom of the Crystal Skull,PG-13
Star Trek Beyond,PG-13
Rush Hour 3,PG-13
The Legend of Tarzan,PG-13
Jupiter Ascending,PG-13
Simon Sez,PG-13
X-Men: Apocalypse,PG-13
Edge of Tomorrow,PG-13
Suicide Squad,PG-13
G.I. Joe: The Rise of Cobra,PG-13
Wild Wild West,PG-13
The Mummy: Tomb of the Dragon Emperor,PG-13
Waterworld,PG-13
47 Ronin,PG-13
Iron Man 2,PG-13
Captain America: The Winter Soldier,PG-13
Dawn of the Planet of the Apes,PG-13
Snow White and the Huntsman,PG-13
Independence Day: Resurgence,PG-13
The Hunger Games: Mockingjay - Part 2,PG-13
The Fast and the Furious,PG-13
X-Men: First Class,PG-13
The Curious Case of Benjamin Button,PG-13
Poseidon,PG-13
Warcraft: The Beginning,PG-13
Terminator Genisys,PG-13
Pearl Harbor,PG-13
Transformers,PG-13
Harry Potter and the Order of the Phoenix,PG-13
Harry Potter and the Goblet of Fire,PG-13
I Am Legend,PG-13
Hancock,PG-13
Thor: The Dark World,PG-13
Mission: Impossible - Rogue Nation,PG-13
Thor,PG-13
X-Men Origins: Wolverine,PG-13
Mission: Impossible III,PG-13
Angels & Demons,PG-13
Wrath of the Titans,PG-13
Beowulf,PG-13
Dark Shadows,PG-13
White House Down,PG-13
Passengers,PG-13
Mission: Impossible - Ghost Protocol,PG-13
Sahara,PG-13
Ghostbusters,PG-13
Die Another Day,PG-13
Star Trek,PG-13
Armageddon,PG-13
Men in Black II,PG-13
Captain America: The First Avenger,PG-13
G.I. Joe: Retaliation,PG-13
Fun with Dick and Jane,PG-13
Exodus: Gods and Kings,PG-13
Gods of Egypt,PG-13
"Car 54, Where Are You?",PG-13
Spider-Man,PG-13
Stealth,PG-13
The Incredible Hulk,PG-13
Hulk,PG-13
Final Fantasy: The Spirits Within,PG-13
The Twilight Saga: Breaking Dawn - Part 2,PG-13
The World Is Not Enough,PG-13
Master and Commander: The Far Side of the World,PG-13
Teenage Mutant Ninja Turtles: Out of the Shadows,PG-13
War of the Worlds,PG-13
The Hunger Games: Catching Fire,PG-13
Ant-Man,PG-13
Salt,PG-13
Noah,PG-13
After Earth,PG-13
Australia,PG-13
R.I.P.D.,PG-13
The Hunger Games: Mockingjay - Part 1,PG-13
The Da Vinci Code,PG-13
X-Men 2,PG-13
Fast Five,PG-13
Teenage Mutant Ninja Turtles,PG-13
Sherlock Holmes: A Game of Shadows,PG-13
The Day After Tomorrow,PG-13
Clash of the Titans,PG-13
The Bourne Legacy,PG-13
Batman & Robin,PG-13
Mission: Impossible II,PG-13
The Perfect Storm,PG-13
Ghost Rider,PG-13
Jason Bourne,PG-13
Charlie's Angels: Full Throttle,PG-13
Oblivion,PG-13
RoboCop,PG-13
The Chronicles of Riddick,PG-13
Fantastic Four,PG-13
The Island,PG-13
How Do You Know,PG-13
Knight and Day,PG-13
Star Wars: Episode III - Revenge of the Sith,PG-13
The Wolverine,PG-13
Dante's Peak,PG-13
The Huntsman: Winter's War,PG-13
Gravity,PG-13
Mr. & Mrs. Smith,PG-13
San Andreas,PG-13
Live Free or Die Hard,PG-13
Insurgent,PG-13
Ocean's Twelve,PG-13
Tomorrow Never Dies,PG-13
The Aviator,PG-13
The Green Hornet,PG-13
Real Steel,PG-13
Allegiant,PG-13
Ender's Game,PG-13
Speed 2: Cruise Control,PG-13
Time Chasers,PG-13
"I, Robot",PG-13
Gone in Sixty Seconds,PG-13
Casino Royale,PG-13
Minority Report,PG-13
Batman Forever,PG-13
Planet of the Apes,PG-13
Little Fockers,PG-13
The Other Guys,PG-13
Meet the Spartans,PG-13
Hercules,PG-13
The Tourist,PG-13
The Stepford Wives,PG-13
It's Pat: The Movie,PG-13
Land of the Lost,PG-13
Catwoman,PG-13
The Expendables 3,PG-13
Point Break,PG-13
In the Heart of the Sea,PG-13
Transcendence,PG-13
The Adventures of Pluto Nash,PG-13
The Mummy Returns,PG-13
Jack Reacher: Never Go Back,PG-13
Unstoppable,PG-13
The Fifth Element,PG-13
The Lovely Bones,PG-13
Seventh Son,PG-13
Ben-Hur,PG-13
Lara Croft: Tomb Raider,PG-13
Jurassic Park III,PG-13
Rise of the Planet of the Apes,PG-13
The Alamo,PG-13
Cutthroat Island,PG-13
Men in Black,PG-13
Rush Hour 2,PG-13
Sherlock Holmes,PG-13
What Lies Beneath,PG-13
Charlie's Angels,PG-13
You Don't Mess with the Zohan,PG-13
Valkyrie,PG-13
Pixels,PG-13
A.I. Artificial Intelligence,PG-13
The Interpreter,PG-13
